Workbook

Sheet COMPOSICION FTE
B3: CARGO | C3: 10 | D3: 11 | E3: 5 | F3: 6 | G3: 10.4624 | H3: 11.4624 | I3: 5.2025 | J3: 8 | K3: 10.58 | L3: 7 | M3: 6.405 | N3: 7.2025 | O3: 8.2025 | P3: 9 | Q3: 2 | R3: 4 | S3: 5.45 | T3: 5.405 | U3: 6.4624 | V3: 8.405 | W3: 8.6649 | X3: 6.2025 | Y3: 5.6649 | Z3: 8.4624 | AA3: 9.2025 | AB3: 7.405 | AC3: 9.405 | AD3: 12 | AE3: 9.8674 | AF3: 9.6649 | AG3: 3 | AH3: 5.04 | AI3: 4.48 | AJ3: 6.16 | AK3: 5.6 | AL3: 3.36
A4: 1 | B4: LIDER | C4: 1 | D4: 1 | E4: 1 | F4: 1 | G4: 1 | H4: 1 | I4: 1 | J4: 1 | K4: 1 | L4: 1 | M4: 1 | N4: 1 | O4: 1 | P4: 1 | Q4: 1 | R4: 1 | S4: 1 | T4: 1 | U4: 1 | V4: 1 | W4: 1 | X4: 1 | Y4: 1 | Z4: 1 | AA4: 1 | AB4: 1 | AC4: 1 | AD4: 1 | AE4: 1 | AF4: 1 | AG4: 1 | AH4: 1 | AI4: 1 | AJ4: 1 | AK4: 1 | AL4: 1
A5: 1 | B5: JEFE DE SALA | C5: 2 | D5: 2 | E5: 2 | F5: 2 | G5: 2 | H5: 2 | I5: 2 | J5: 2 | K5: 2 | L5: 2 | M5: 2 | N5: 2 | O5: 2 | P5: 2 | Q5: 0 | R5: 1 | S5: 2 | T5: 2 | U5: 2 | V5: 2 | W5: 2 | X5: 2 | Y5: 2 | Z5: 2 | AA5: 2 | AB5: 2 | AC5: 2 | AD5: 2 | AE5: 1 | AF5: 2 | AG5: 2 | AH5: 1 | AI5: 1 | AJ5: 1 | AK5: 1 | AL5: 1
A6: 1 | B6: CAJERO | C6: 7 | D6: 8 | E6: 2 | F6: 3 | G6: 7 | H6: 8 | I6: 2 | J6: 5 | K6: 6 | L6: 4 | M6: 3 | N6: 4 | O6: 5 | P6: 6 | Q6: 1 | R6: 2 | S6: 2 | T6: 2 | U6: 3 | V6: 5 | W6: 5 | X6: 3 | Y6: 2 | Z6: 5 | AA6: 6 | AB6: 4 | AC6: 6 | AD6: 9 | AE6: 7 | AF6: 6 | AJ6: 0 | AK6: 0 | AL6: 0
A7: 0.45 | B7: CAJERP PT 20 | C7: 0 | D7: 0 | E7: 0 | F7: 0 | G7: 0.45 | H7: 0 | I7: 0.45 | J7: 0 | K7: 2 | L7: 0 | M7: 0.9 | N7: 0.45 | O7: 0.45 | P7: 0 | Q7: 0 | R7: 0 | S7: 0.45 | T7: 0.9 | U7: 0 | V7: 0.9 | W7: 0.45 | X7: 0.45 | Y7: 0.45 | Z7: 0 | AA7: 0.45 | AB7: 0.9 | AC7: 0.9 | AD7: 0 | AE7: 0.9 | AF7: 0.45 | AJ7: 0 | AK7: 0 | AL7: 0
A8: 0.68 | B8: CAJERO PT 30 | C8: 0 | D8: 0 | E8: 0 | F8: 0 | G8: 0 | H8: 0.68 | I8: 0 | J8: 0 | K8: 1 | L8: 0 | M8: 0 | N8: 0 | O8: 0 | P8: 0 | Q8: 0 | R8: 0 | S8: 0 | T8: 0 | U8: 0.68 | V8: 0 | W8: 0.68 | X8: 0 | Y8: 0.68 | Z8: 0.68 | AA8: 0 | AB8: 0 | AC8: 0 | AD8: 0 | AE8: 0.68 | AF8: 0.68 | AJ8: 0 | AK8: 0 | AL8: 2
A9: 0.56 | B9: CAJERO PT 25 | AH9: 3 | AI9: 2 | AJ9: 5 | AK9: 4 | AL9: 0
A10: 0.34 | B10: CAJERO PT 15 | AH10: 4 | AI10: 4 | AJ10: 4 | AK10: 4 | AL10: 0
B11: FTE AUTORIZADO | C11: =($A$4*C4)+($A$5*C5)+($A$6*C6)+($A$7*C7)+($A$8*C8)+($A$9*C9)+($A$10*C10) -> 10 | D11: =($A$4*D4)+($A$5*D5)+($A$6*D6)+($A$7*D7)+($A$8*D8)+($A$9*D9)+($A$10*D10) -> 11 | E11: =($A$4*E4)+($A$5*E5)+($A$6*E6)+($A$7*E7)+($A$8*E8)+($A$9*E9)+($A$10*E10) -> 5 | F11: =($A$4*F4)+($A$5*F5)+($A$6*F6)+($A$7*F7)+($A$8*F8)+($A$9*F9)+($A$10*F10) -> 6 | G11: =($A$4*G4)+($A$5*G5)+($A$6*G6)+($A$7*G7)+($A$8*G8)+($A$9*G9)+($A$10*G10) -> 10.2025 | H11: =($A$4*H4)+($A$5*H5)+($A$6*H6)+($A$7*H7)+($A$8*H8)+($A$9*H9)+($A$10*H10) -> 11.4624 | I11: =($A$4*I4)+($A$5*I5)+($A$6*I6)+($A$7*I7)+($A$8*I8)+($A$9*I9)+($A$10*I10) -> 5.2025 | J11: =($A$4*J4)+($A$5*J5)+($A$6*J6)+($A$7*J7)+($A$8*J8)+($A$9*J9)+($A$10*J10) -> 8 | ... AL11: =($A$4*AL4)+($A$5*AL5)+($A$6*AL6)+($A$7*AL7)+($A$8*AL8)+($A$9*AL9)+($A$10*AL10) -> 3.36 | AM11: =5.26-0.56 -> 4.7 | AN11: =AM11-AK11 -> -0.9
K13: 9.45
K14: =K13-K11 -> -1.13
C15: FTE AUTORIZADO | D15: LIDER | E15: JEFE DE SALA | F15: CAJERO | G15: CAJERO PT 30 | H15: PT25 | I15: CAJERP PT 20 | J15: PT15 | Q15: CAJERP PT 20 | S15: 0.45
C16: 10 | D16: 1 | E16: 2 | F16: 7 | G16: 0 | I16: 0 | Q16: CAJERO PT 30 | S16: 0.68
C17: 11 | D17: 1 | E17: 2 | F17: 8 | G17: 0 | I17: 0 | Q17: CAJERO PT 25 | S17: 0.56
C18: 5 | D18: 1 | E18: 2 | F18: 2 | G18: 0 | I18: 0 | Q18: CAJERO PT 15 | S18: 0.34
C19: 6 | D19: 1 | E19: 2 | F19: 3 | G19: 0 | I19: 0
C20: 10.68 | D20: 1 | E20: 2 | F20: 7 | G20: 0.68 | I20: 0
C21: 11.68 | D21: 1 | E21: 2 | F21: 8 | G21: 0.68 | I21: 0
C22: 5.45 | D22: 1 | E22: 2 | F22: 2 | G22: 0 | I22: 0.45
C23: 8 | D23: 1 | E23: 2 | F23: 5 | G23: 0 | I23: 0
C24: 7 | D24: 1 | E24: 2 | F24: 4 | G24: 0 | I24: 0
C25: 6.9 | D25: 1 | E25: 2 | F25: 3 | G25: 0 | I25: 0.9
C26: 7.45 | D26: 1 | E26: 2 | F26: 4 | G26: 0 | I26: 0.45
C27: 8.45 | D27: 1 | E27: 2 | F27: 5 | G27: 0 | I27: 0.45
C28: 9 | D28: 1 | E28: 2 | F28: 6 | G28: 0 | I28: 0
C29: 2 | D29: 1 | E29: 0 | F29: 1 | G29: 0 | I29: 0
C30: 4 | D30: 1 | E30: 1 | F30: 2 | G30: 0 | I30: 0
... C39: 9.45 | D39: 1 | E39: 2 | F39: 6 | G39: 0 | I39: 0.45
C40: 5.04 | D40: 1 | E40: 1 | F40: 0 | G40: 0 | H40: 3 | I40: 0 | J40: 4
C41: 6.28 | D41: 1 | E41: 1 | G41: 1 | H41: 4 | J41: 4
C42: 2.1 | D42: 1 | G42: 2

Sheet ABRIL_26
D3: REVISIÓN / ACTUALIZACIÓN
C6: 1 | D6: =C6+1 -> 2 | E6: =D6+1 -> 3 | F6: =E6+1 -> 4 | G6: 5 | H6: =G6+1 -> 6 | I6: =H6+1 -> 7 | J6: =I6+1 -> 8 | K6: =J6+1 -> 9 | L6: =K6+1 -> 10 | M6: =L6+1 -> 11 | N6: =M6+1 -> 12 | O6: =N6+1 -> 13 | ... T6: =S6+1 -> 18 | U6: 20 | W6: 1 | X6: 1 | Y6: 1 | Z6: =30/44 -> 0.68181818 | AA6: =25/44 -> 0.56818182 | AB6: =20/44 -> 0.45454545 | AC6: =15/44 -> 0.34090909
C7: CECO | D7: NOMBRE MAESTRA | E7: GEO | F7: FTE AUT | G7: ESTADO RH | H7: GENERACION | I7: JEFE OPERACIONES | J7: ASESOR TIENDA | K7: TIENDA ESTIVAL | L7: COMUNA | M7: REGION | N7: RECLUTADOR | O7: CECO | P7: JORNADA OPERACIÓN | Q7: PLAN RESCATE | R7: OBJETIVO VENTA | S7: MACROZONA | T7: TIENDA BATTING | U7: ONE TIME | V7: OBSERVACION | W7: LIDER | X7: JEFE DE SALA | Y7: CAJERO | Z7: CAJERO PT 30 | AA7: PT25 | AB7: CAJERP PT 20 | AC7: PT15 | AD7: FTE TOTAL
C8: 50OEM | D8: OKM CIUDAD EMPRESARIAL | E8: OKM CIUDAD EMPRESARIAL | F8: - | G8: CIERRE DEFINITIVO | H8: TMCB OKM | J8: 0 | L8: HUECHURABA | M8: METROPOLITANA | O8: 50OEM | P8: 12HRS | Q8: NO | S8: 0 | T8: NO | U8: NO | AD8: =SUMPRODUCT($W$6:$AC$6,W8:AC8) -> 0 | AE8: =VLOOKUP(C8,#REF!,1,0) -> #REF!
C9: 50BPT | D9: ECUADOR PURISIMA | E9: ECUADOR PURISIMA | F9: - | G9: CIERRE DEFINITIVO | H9: TMCB | J9: 0 | L9: ESTACIÓN CENTRAL | M9: METROPOLITANA | O9: 50BPT | P9: 12HRS | Q9: NO | S9: 0 | T9: NO | U9: NO | AD9: =SUMPRODUCT($W$6:$AC$6,W9:AC9) -> 0 | AE9: =VLOOKUP(C9,#REF!,1,0) -> #REF!
C10: 50ODA | D10: OKM DIEGO DE ALMAGRO | E10: OKM DIEGO DE ALMAGRO | F10: - | G10: CIERRE DEFINITIVO | H10: TMCB OKM | J10: RODRIGUEZ ABREU ROSA | L10: PROVIDENCIA | M10: METROPOLITANA | O10: 50ODA | P10: 12HRS | Q10: NO | S10: 0 | T10: NO | U10: NO | AD10: =SUMPRODUCT($W$6:$AC$6,W10:AC10) -> 0 | AE10: =VLOOKUP(C10,#REF!,1,0) -> #REF!
C11: 50ODP | D11: OKM DIEGO PORTALES | E11: OKM DIEGO PORTALES | F11: - | G11: CIERRE DEFINITIVO | H11: TMCB OKM | J11: 0 | L11: VIÑA DEL MAR | M11: VALPARAISO | O11: 50ODP | P11: 12HRS | Q11: NO | S11: 0 | T11: NO | U11: NO | AD11: =SUMPRODUCT($W$6:$AC$6,W11:AC11) -> 0 | AE11: =VLOOKUP(C11,#REF!,1,0) -> #REF!
C12: 50OMN | D12: OKM MORANDE | E12: OKM MORANDE | F12: - | G12: CIERRE DEFINITIVO | H12: TMCB OKM | J12: LOPEZ CALDERON LUIS GERARDO | L12: SANTIAGO | M12: METROPOLITANA | O12: 50OMN | P12: 12HRS | Q12: NO | S12: 0 | T12: NO | U12: NO | AD12: =SUMPRODUCT($W$6:$AC$6,W12:AC12) -> 0 | AE12: =VLOOKUP(C12,#REF!,1,0) -> #REF!
C13: 50OSB | D13: SIMON BOLIVAR 2 | E13: OKM SIMÓN BOLIVAR | F13: - | G13: CIERRE DEFINITIVO | H13: TMCB OKM | J13: GAMERRE URZUA CECILIA | L13: ÑUÑOA | M13: METROPOLITANA | O13: 50OSB | P13: 12HRS | Q13: NO | S13: 0 | T13: NO | U13: NO | AD13: =SUMPRODUCT($W$6:$AC$6,W13:AC13) -> 0 | AE13: =VLOOKUP(C13,#REF!,1,0) -> #REF!
C14: 50OTO | D14: OKM TOESCA | E14: OKM TOESCA | F14: - | G14: CIERRE DEFINITIVO | H14: TMCB OKM | J14: RIQUELME ESTAY ROBERTO | L14: SANTIAGO | M14: METROPOLITANA | O14: 50OTO | P14: 12HRS | Q14: NO | S14: 0 | T14: NO | U14: NO | AD14: =SUMPRODUCT($W$6:$AC$6,W14:AC14) -> 0 | AE14: =VLOOKUP(C14,#REF!,1,0) -> #REF!
C15: 50OHT | D15: HAMBURGO 2 | E15: OKM HAMBURGO | F15: - | G15: CIERRE DEFINITIVO | H15: TMCB OKM | J15: LOPEZ CALDERON LUIS GERARDO | L15: ÑUÑOA | M15: METROPOLITANA | O15: 50OHT | P15: 12HRS | Q15: NO | S15: 0 | T15: NO | U15: NO | AD15: =SUMPRODUCT($W$6:$AC$6,W15:AC15) -> 0 | AE15: =VLOOKUP(C15,#REF!,1,0) -> #REF!
C16: 50OMP | D16: OKM MALL PLAZA OESTE | E16: OKM MALL PLAZA OESTE | F16: 0 | G16: CIERRE DEFINITIVO | H16: TMCB | J16: PINERUA JAIMES JESUS | L16: CERRILLOS | M16: METROPOLITANA | O16: 50OMP | P16: 12HRS | Q16: NO | S16: 0 | T16: NO | U16: NO | AD16: =SUMPRODUCT($W$6:$AC$6,W16:AC16) -> 0 | AE16: =VLOOKUP(C16,#REF!,1,0) -> #REF!
C17: 50OPR | D17: AVENIDA PERU | E17: OKM AVENIDA PERÚ | F17: - | G17: CIERRE DEFINITIVO | H17: TMCB OKM | J17: 0 | L17: RECOLETA | M17: METROPOLITANA | O17: 50OPR | P17: 12HRS | Q17: NO | S17: 0 | T17: NO | U17: NO | AD17: =SUMPRODUCT($W$6:$AC$6,W17:AC17) -> 0 | AE17: =VLOOKUP(C17,#REF!,1,0) -> #REF!
C18: 50AMU | D18: TORRE AMUNATEGUI | E18: TORRE AMUNATEGUI | F18: - | G18: CIERRE DEFINITIVO | H18: TNM | J18: 0 | L18: SANTIAGO | M18: METROPOLITANA | O18: 50AMU | P18: 12HRS | Q18: NO | S18: 0 | T18: NO | U18: NO | AD18: =SUMPRODUCT($W$6:$AC$6,W18:AC18) -> 0 | AE18: =VLOOKUP(C18,#REF!,1,0) -> #REF!
C19: 500LI | D19: JJ PEREZ | E19: JJ PEREZ | F19: - | G19: CIERRE DEFINITIVO | H19: TNM | J19: ESCOBAR VALDES VALESKA SOLEDAD | L19: CALERA | M19: VALPARAISO | O19: 500LI | P19: 12HRS | Q19: NO | S19: 0 | T19: NO | U19: NO | AD19: =SUMPRODUCT($W$6:$AC$6,W19:AC19) -> 0 | AE19: =VLOOKUP(C19,#REF!,1,0) -> #REF!
C20: 500UN | D20: PLAZA CHIGUAYANTE | E20: PLAZA CHIGUAYANTE | F20: - | G20: CIERRE DEFINITIVO | H20: T2024 | J20: ZAMBRANO JARA CAROLINA GRACIELA | L20: CHIGUAYANTE | M20: BIOBIO | O20: 500UN | P20: 12HRS | Q20: NO | S20: 0 | T20: NO | U20: NO | AD20: =SUMPRODUCT($W$6:$AC$6,W20:AC20) -> 0 | AE20: =VLOOKUP(C20,#REF!,1,0) -> #REF!
C21: 501CG | D21: IRARRAZAVAL 1 | E21: IRARRAZAVAL 1 | F21: - | G21: CIERRE DEFINITIVO | H21: TNM | J21: RUIZ FERRER VANNA | L21: ÑUÑOA | M21: METROPOLITANA | O21: 501CG | P21: 12HRS | Q21: NO | S21: 0 | T21: NO | U21: NO | AD21: =SUMPRODUCT($W$6:$AC$6,W21:AC21) -> 0 | AE21: =VLOOKUP(C21,#REF!,1,0) -> #REF!
C22: 502IY | D22: INDEPENDENCIA 2 | E22: INDEPENDENCIA 2 | F22: - | G22: CIERRE DEFINITIVO | H22: TNM | J22: 0 | L22: INDEPENDENCIA | M22: METROPOLITANA | O22: 502IY | P22: 12HRS | Q22: NO | S22: 0 | T22: NO | U22: NO | AD22: =SUMPRODUCT($W$6:$AC$6,W22:AC22) -> 0 | AE22: =VLOOKUP(C22,#REF!,1,0) -> #REF!
C23: 502UE | D23: MIRAFLORES | E23: MIRAFLORES | F23: - | G23: CIERRE DEFINITIVO | H23: TNM | J23: BENITEZ QUILODRAN HUGO | L23: SANTIAGO | M23: METROPOLITANA | O23: 502UE | P23: 12HRS | Q23: NO | S23: 0 | T23: NO | U23: NO | AD23: =SUMPRODUCT($W$6:$AC$6,W23:AC23) -> 0 | AE23: =VLOOKUP(C23,#REF!,1,0) -> #REF!
C24: 503LC | D24: TALCA 2 | E24: TALCA 2 | F24: - | G24: CIERRE DEFINITIVO | H24: TNM | J24: PINERUA JAIMES JESUS | L24: TALCA | M24: MAULE | O24: 503LC | P24: 12HRS | Q24: NO | S24: 0 | T24: NO | U24: NO | AD24: =SUMPRODUCT($W$6:$AC$6,W24:AC24) -> 0 | AE24: =VLOOKUP(C24,#REF!,1,0) -> #REF!
C25: 503YO | D25: SAN DIEGO 2 | E25: SAN DIEGO 2 | F25: - | G25: CIERRE DEFINITIVO | H25: TNM | J25: BENITEZ QUILODRAN HUGO | L25: SANTIAGO | M25: METROPOLITANA | O25: 503YO | P25: 12HRS | Q25: NO | S25: 0 | T25: NO | U25: NO | AD25: =SUMPRODUCT($W$6:$AC$6,W25:AC25) -> 0 | AE25: =VLOOKUP(C25,#REF!,1,0) -> #REF!
C26: 504GZ | D26: OHIGGINS ANGOL | E26: OHIGGINS ANGOL | F26: - | G26: CIERRE DEFINITIVO | H26: TNM | J26: ZAMBRANO JARA CAROLINA GRACIELA | L26: CONCEPCIÓN | M26: BIOBIO | O26: 504GZ | P26: 12HRS | Q26: NO | S26: 0 | T26: NO | U26: NO | AD26: =SUMPRODUCT($W$6:$AC$6,W26:AC26) -> 0 | AE26: =VLOOKUP(C26,#REF!,1,0) -> #REF!
C27: 504UJ | D27: BANDERA 2 | E27: BANDERA 2 | F27: - | G27: CIERRE DEFINITIVO | H27: TNM | J27: LOPEZ CALDERON LUIS GERARDO | L27: SANTIAGO | M27: METROPOLITANA | O27: 504UJ | P27: 12HRS | Q27: NO | S27: 0 | T27: NO | U27: NO | AD27: =SUMPRODUCT($W$6:$AC$6,W27:AC27) -> 0 | AE27: =VLOOKUP(C27,#REF!,1,0) -> #REF!
C28: 5050J | D28: MALL PATIO RANCAGUA | E28: PATIO RANCAGUA | F28: - | G28: CIERRE DEFINITIVO | H28: TNM | J28: PINERUA JAIMES JESUS | L28: RANCAGUA | M28: BERNARDO OHIGGINS | O28: 5050J | P28: 12HRS | Q28: NO | S28: 0 | T28: NO | U28: NO | AD28: =SUMPRODUCT($W$6:$AC$6,W28:AC28) -> 0 | AE28: =VLOOKUP(C28,#REF!,1,0) -> #REF!
C29: 506J6 | D29: ABATE MOLINA | E29: ABATE MOLINA | F29: - | G29: CIERRE DEFINITIVO | H29: TNM | J29: 0 | L29: SANTIAGO | M29: METROPOLITANA | O29: 506J6 | P29: 12HRS | Q29: NO | S29: 0 | T29: NO | U29: NO | AD29: =SUMPRODUCT($W$6:$AC$6,W29:AC29) -> 0 | AE29: =VLOOKUP(C29,#REF!,1,0) -> #REF!
C30: 506ZY | D30: PEDRO TORRES | E30: PEDRO TORRES | F30: - | G30: CIERRE DEFINITIVO | H30: TNM | J30: GAMERRE URZUA CECILIA | L30: ÑUÑOA | M30: METROPOLITANA | O30: 506ZY | P30: 12HRS | Q30: NO | S30: 0 | T30: NO | U30: NO | AD30: =SUMPRODUCT($W$6:$AC$6,W30:AC30) -> 0 | AE30: =VLOOKUP(C30,#REF!,1,0) -> #REF!
C31: 508NJ | D31: LINARES | E31: LINARES 1 | F31: - | G31: CIERRE DEFINITIVO | H31: TNM | J31: PINERUA JAIMES JESUS | L31: LINARES | M31: MAULE | O31: 508NJ | P31: 12HRS | Q31: NO | S31: 0 | T31: NO | U31: NO | AD31: =SUMPRODUCT($W$6:$AC$6,W31:AC31) -> 0 | AE31: =VLOOKUP(C31,#REF!,1,0) -> #REF!
C32: 5091B | D32: HOLANDA 3 | E32: HOLANDA 3 | F32: - | G32: CIERRE DEFINITIVO | H32: TNM | J32: 0 | L32: PROVIDENCIA | M32: METROPOLITANA | O32: 5091B | P32: 12HRS | Q32: NO | S32: 0 | T32: NO | U32: NO | AD32: =SUMPRODUCT($W$6:$AC$6,W32:AC32) -> 0 | AE32: =VLOOKUP(C32,#REF!,1,0) -> #REF!
C33: 509H6 | D33: MACHALI SEWEL | E33: MACHALÍ SEWEL | F33: - | G33: CIERRE DEFINITIVO | H33: TNM | J33: PINERUA JAIMES JESUS | L33: MACHALÍ | M33: BERNARDO OHIGGINS | O33: 509H6 | P33: 12HRS | Q33: NO | S33: 0 | T33: NO | U33: NO | AD33: =SUMPRODUCT($W$6:$AC$6,W33:AC33) -> 0 | AE33: =VLOOKUP(C33,#REF!,1,0) -> #REF!
C34: 50AFU | D34: SANTA AMALIA | E34: SANTA AMALIA | F34: - | G34: CIERRE DEFINITIVO | H34: TNM | J34: ARAYA BURGOS ARIEL | L34: LA FLORIDA | M34: METROPOLITANA | O34: 50AFU | P34: 12HRS | Q34: NO | S34: 0 | T34: NO | U34: NO | AD34: =SUMPRODUCT($W$6:$AC$6,W34:AC34) -> 0 | AE34: =VLOOKUP(C34,#REF!,1,0) -> #REF!
C35: 50AGU | D35: EL AGUILUCHO | E35: EL AGUILUCHO | F35: - | G35: CIERRE DEFINITIVO | H35: TNM | J35: ARAYA BURGOS ARIEL | L35: PROVIDENCIA | M35: METROPOLITANA | O35: 50AGU | P35: 12HRS | Q35: NO | S35: 0 | T35: NO | U35: NO | AD35: =SUMPRODUCT($W$6:$AC$6,W35:AC35) -> 0 | AE35: =VLOOKUP(C35,#REF!,1,0) -> #REF!
C36: 50AJL | D36: LA CASTELLANA | E36: LA CASTELLANA | F36: - | G36: CIERRE DEFINITIVO | H36: T2024 | J36: LOPEZ CALDERON LUIS GERARDO | L36: LAS CONDES | M36: METROPOLITANA | O36: 50AJL | P36: 12HRS | Q36: NO | S36: 0 | T36: NO | U36: NO | AD36: =SUMPRODUCT($W$6:$AC$6,W36:AC36) -> 0 | AE36: =VLOOKUP(C36,#REF!,1,0) -> #REF!
C37: 50AL4 | D37: ANIBAL PINTO | E37: ANIBAL PINTO | F37: - | G37: CIERRE DEFINITIVO | H37: T2024 | J37: ZAMBRANO JARA CAROLINA GRACIELA | L37: CONCEPCIÓN | M37: BIOBIO | O37: 50AL4 | P37: 12HRS | Q37: NO | S37: 0 | T37: NO | U37: NO | AD37: =SUMPRODUCT($W$6:$AC$6,W37:AC37) -> 0 | AE37: =VLOOKUP(C37,#REF!,1,0) -> #REF!
C38: 50AZF | D38: PUDAHUEL SAN PABLO 2 | E38: PUDAHUEL SAN PABLO 2 | F38: - | G38: CIERRE DEFINITIVO | H38: TNM | J38: 0 | L38: PUDAHUEL | M38: METROPOLITANA | O38: 50AZF | P38: 12HRS | Q38: NO | S38: 0 | T38: NO | U38: NO | AD38: =SUMPRODUCT($W$6:$AC$6,W38:AC38) -> 0 | AE38: =VLOOKUP(C38,#REF!,1,0) -> #REF!
C39: 50BER | D39: EL BERGANTIN | E39: EL BERGANTIN | F39: - | G39: CIERRE DEFINITIVO | H39: TMCB | J39: LIAZ MONTERO GABRIEL | L39: LAS CONDES | M39: METROPOLITANA | O39: 50BER | P39: 12HRS | Q39: NO | S39: 0 | T39: NO | U39: NO | AD39: =SUMPRODUCT($W$6:$AC$6,W39:AC39) -> 0 | AE39: =VLOOKUP(C39,#REF!,1,0) -> #REF!
C40: 50BLL | D40: BILBAO LOS LEONES | E40: BILBAO LOS LEONES | F40: - | G40: CIERRE DEFINITIVO | H40: TMCB | J40: RODRIGUEZ ABREU ROSA | L40: PROVIDENCIA | M40: METROPOLITANA | O40: 50BLL | P40: 12HRS | Q40: NO | S40: 0 | T40: NO | U40: NO | AD40: =SUMPRODUCT($W$6:$AC$6,W40:AC40) -> 0 | AE40: =VLOOKUP(C40,#REF!,1,0) -> #REF!
C41: 50BMP | D41: SANTO DOMINGO | E41: SANTO DOMINGO | F41: - | G41: CIERRE DEFINITIVO | H41: TNM | J41: BENITEZ QUILODRAN HUGO | L41: SANTIAGO | M41: METROPOLITANA | O41: 50BMP | P41: 12HRS | Q41: NO | S41: 0 | T41: NO | U41: NO | AD41: =SUMPRODUCT($W$6:$AC$6,W41:AC41) -> 0 | AE41: =VLOOKUP(C41,#REF!,1,0) -> #REF!
C42: 50CEI | D42: BARCELONA | E42: BARCELONA | F42: - | G42: CIERRE DEFINITIVO | H42: T2024 | J42: ARAYA BURGOS ARIEL | L42: LA FLORIDA | M42: METROPOLITANA | O42: 50CEI | P42: 12HRS | Q42: NO | S42: 0 | T42: NO | U42: NO | AD42: =SUMPRODUCT($W$6:$AC$6,W42:AC42) -> 0 | AE42: =VLOOKUP(C42,#REF!,1,0) -> #REF!
C43: 50DBW | D43: RENACA 1 | E43: REÑACA 1 | F43: - | G43: CIERRE DEFINITIVO | H43: TNM | J43: ESCOBAR VALDES VALESKA SOLEDAD | L43: VIÑA DEL MAR | M43: VALPARAISO | O43: 50DBW | P43: 12HRS | Q43: NO | S43: 0 | T43: NO | U43: NO | AD43: =SUMPRODUCT($W$6:$AC$6,W43:AC43) -> 0 | AE43: =VLOOKUP(C43,#REF!,1,0) -> #REF!
C44: 50DXJ | D44: PROVIDENCIA 1 | E44: PROVIDENCIA 1 | F44: - | G44: CIERRE DEFINITIVO | H44: TMCB | J44: 0 | L44: PROVIDENCIA | M44: METROPOLITANA | O44: 50DXJ | P44: 12HRS | Q44: NO | S44: 0 | T44: NO | U44: NO | AD44: =SUMPRODUCT($W$6:$AC$6,W44:AC44) -> 0 | AE44: =VLOOKUP(C44,#REF!,1,0) -> #REF!
C45: 50EVA | D45: PRAT SALINAS | E45: PRAT SALINAS | F45: - | G45: CIERRE DEFINITIVO | H45: TNM | J45: MENDOZA GIL BREYNER JOSE | L45: SAN FELIPE | M45: VALPARAISO | O45: 50EVA | P45: 12HRS | Q45: NO | S45: 0 | T45: NO | U45: NO | AD45: =SUMPRODUCT($W$6:$AC$6,W45:AC45) -> 0 | AE45: =VLOOKUP(C45,#REF!,1,0) -> #REF!
C46: 50FLF | D46: LAS VERBENAS | E46: LAS VERBENAS | F46: - | G46: CIERRE DEFINITIVO | H46: T2024 | J46: GAMERRE URZUA CECILIA | L46: LAS CONDES | M46: METROPOLITANA | O46: 50FLF | P46: 12HRS | Q46: NO | S46: 0 | T46: NO | U46: NO | AD46: =SUMPRODUCT($W$6:$AC$6,W46:AC46) -> 0 | AE46: =VLOOKUP(C46,#REF!,1,0) -> #REF!
C47: 50GDJ | D47: APOQUINDO SAN PASCUAL | E47: APOQUINDO SAN PASCUAL | F47: - | G47: CIERRE DEFINITIVO | H47: TMCB | J47: LOPEZ CALDERON LUIS GERARDO | L47: LAS CONDES | M47: METROPOLITANA | O47: 50GDJ | P47: 12HRS | Q47: NO | S47: 0 | T47: NO | U47: NO | AD47: =SUMPRODUCT($W$6:$AC$6,W47:AC47) -> 0 | AE47: =VLOOKUP(C47,#REF!,1,0) -> #REF!
C48: 50GIA | D48: AGUSTINAS SAN MARTIN 2 | E48: AGUSTINAS SAN MARTIN 2 | F48: - | G48: CIERRE DEFINITIVO | H48: TNM | J48: LOPEZ CALDERON LUIS GERARDO | L48: SANTIAGO | M48: METROPOLITANA | O48: 50GIA | P48: 12HRS | Q48: NO | S48: 0 | T48: NO | U48: NO | AD48: =SUMPRODUCT($W$6:$AC$6,W48:AC48) -> 0 | AE48: =VLOOKUP(C48,#REF!,1,0) -> #REF!
C49: 50GNW | D49: SAN PABLO MORANDE | E49: SAN PABLO MORANDE | F49: - | G49: CIERRE DEFINITIVO | H49: TMCB | J49: MENDOZA GIL BREYNER JOSE | L49: SANTIAGO | M49: METROPOLITANA | O49: 50GNW | P49: 12HRS | Q49: NO | S49: 0 | T49: NO | U49: NO | AD49: =SUMPRODUCT($W$6:$AC$6,W49:AC49) -> 0 | AE49: =VLOOKUP(C49,#REF!,1,0) -> #REF!
C50: 50GP4 | D50: OROMPELLO | E50: OROMPELLO | F50: - | G50: CIERRE DEFINITIVO | H50: TNM | J50: ZAMBRANO JARA CAROLINA GRACIELA | L50: CONCEPCIÓN | M50: BIOBIO | O50: 50GP4 | P50: 12HRS | Q50: NO | S50: 0 | T50: NO | U50: NO | AD50: =SUMPRODUCT($W$6:$AC$6,W50:AC50) -> 0 | AE50: =VLOOKUP(C50,#REF!,1,0) -> #REF!
C51: 50GRE | D51: GRECIA EXEQUIEL | E51: GRECIA EXEQUIEL | F51: - | G51: CIERRE DEFINITIVO | H51: TMCB | J51: PINERUA JAIMES JESUS | L51: ÑUÑOA | M51: METROPOLITANA | O51: 50GRE | P51: 12HRS | Q51: NO | S51: 0 | T51: NO | U51: NO | AD51: =SUMPRODUCT($W$6:$AC$6,W51:AC51) -> 0 | AE51: =VLOOKUP(C51,#REF!,1,0) -> #REF!
C52: 50IAB | D52: IRARRAZAVAL ANTONIO VARAS | E52: IRARRAZAVAL ANTONIO VARAS | F52: - | G52: CIERRE DEFINITIVO | H52: TMCB | J52: ARAYA BURGOS ARIEL | L52: ÑUÑOA | M52: METROPOLITANA | O52: 50IAB | P52: 12HRS | Q52: NO | S52: 0 | T52: NO | U52: NO | AD52: =SUMPRODUCT($W$6:$AC$6,W52:AC52) -> 0 | AE52: =VLOOKUP(C52,#REF!,1,0) -> #REF!
C53: 50IHX | D53: VILLA ALEMANA 2 | E53: VILLA ALEMANA 2 | F53: - | G53: CIERRE DEFINITIVO | H53: TNM | J53: ESCOBAR VALDES VALESKA SOLEDAD | L53: VILLA ALEMANA | M53: VALPARAISO | O53: 50IHX | P53: 12HRS | Q53: NO | S53: 0 | T53: NO | U53: NO | AD53: =SUMPRODUCT($W$6:$AC$6,W53:AC53) -> 0 | AE53: =VLOOKUP(C53,#REF!,1,0) -> #REF!
C54: 50INN | D54: QUILLOTA 1 | E54: QUILLOTA 1 | F54: - | G54: CIERRE DEFINITIVO | H54: TNM | J54: ESCOBAR VALDES VALESKA SOLEDAD | L54: QUILLOTA | M54: VALPARAISO | O54: 50INN | P54: 12HRS | Q54: NO | S54: 0 | T54: NO | U54: NO | AD54: =SUMPRODUCT($W$6:$AC$6,W54:AC54) -> 0 | AE54: =VLOOKUP(C54,#REF!,1,0) -> #REF!
C55: 50ISU | D55: IRARRAZAVAL SUECIA | E55: IRARRAZAVAL SUECIA | F55: - | G55: CIERRE DEFINITIVO | H55: TNM | J55: 0 | L55: ÑUÑOA | M55: METROPOLITANA | O55: 50ISU | P55: 12HRS | Q55: NO | S55: 0 | T55: NO | U55: NO | AD55: =SUMPRODUCT($W$6:$AC$6,W55:AC55) -> 0 | AE55: =VLOOKUP(C55,#REF!,1,0) -> #REF!
C56: 50ITA | D56: IRARRAZAVAL ITALIA | E56: IRARRAZAVAL ITALIA | F56: - | G56: CIERRE DEFINITIVO | H56: TMCB | J56: RUIZ FERRER VANNA | L56: ÑUÑOA | M56: METROPOLITANA | O56: 50ITA | P56: 12HRS | Q56: NO | S56: 0 | T56: NO | U56: NO | AD56: =SUMPRODUCT($W$6:$AC$6,W56:AC56) -> 0 | AE56: =VLOOKUP(C56,#REF!,1,0) -> #REF!
C57: 50K17 | D57: PEDRO DE VALDIVIA 5 | E57: PEDRO DE VALDIVIA 5 | F57: - | G57: CIERRE DEFINITIVO | H57: TNM | J57: MENDOZA GIL BREYNER JOSE | L57: ÑUÑOA | M57: METROPOLITANA | O57: 50K17 | P57: 12HRS | Q57: NO | S57: 0 | T57: NO | U57: NO | AD57: =SUMPRODUCT($W$6:$AC$6,W57:AC57) -> 0 | AE57: =VLOOKUP(C57,#REF!,1,0) -> #REF!
C58: 50KAD | D58: DR JOHOW | E58: DR JOHOW | F58: - | G58: CIERRE DEFINITIVO | H58: TNM | J58: PINERUA JAIMES JESUS | L58: ÑUÑOA | M58: METROPOLITANA | O58: 50KAD | P58: 12HRS | Q58: NO | S58: 0 | T58: NO | U58: NO | AD58: =SUMPRODUCT($W$6:$AC$6,W58:AC58) -> 0 | AE58: =VLOOKUP(C58,#REF!,1,0) -> #REF!
C59: 50KT5 | D59: PEDRO ONA | E59: PEDRO DE OÑA | F59: - | G59: CIERRE DEFINITIVO | H59: TNM | J59: RUIZ FERRER VANNA | L59: ÑUÑOA | M59: METROPOLITANA | O59: 50KT5 | P59: 12HRS | Q59: NO | S59: 0 | T59: NO | U59: NO | AD59: =SUMPRODUCT($W$6:$AC$6,W59:AC59) -> 0 | AE59: =VLOOKUP(C59,#REF!,1,0) -> #REF!
C60: 50KT9 | D60: PLAZA CALERA | E60: RIPLEY LA CALERA | F60: - | G60: CIERRE DEFINITIVO | H60: T2024 | J60: ESCOBAR VALDES VALESKA SOLEDAD | L60: CALERA | M60: VALPARAISO | O60: 50KT9 | P60: 12HRS | Q60: NO | S60: 0 | T60: NO | U60: NO | AD60: =SUMPRODUCT($W$6:$AC$6,W60:AC60) -> 0 | AE60: =VLOOKUP(C60,#REF!,1,0) -> #REF!
C61: 50LBB | D61: LOS BARBECHOS | E61: LOS BARBECHOS | F61: - | G61: CIERRE DEFINITIVO | H61: TMCB | J61: GAMERRE URZUA CECILIA | L61: LAS CONDES | M61: METROPOLITANA | O61: 50LBB | P61: 12HRS | Q61: NO | S61: 0 | T61: NO | U61: NO | AD61: =SUMPRODUCT($W$6:$AC$6,W61:AC61) -> 0 | AE61: =VLOOKUP(C61,#REF!,1,0) -> #REF!
C62: 50LCO | D62: LIRA CURICO | E62: LIRA CURICO | F62: - | G62: CIERRE DEFINITIVO | H62: T2023 | J62: 0 | L62: SANTIAGO | M62: METROPOLITANA | O62: 50LCO | P62: 12HRS | Q62: NO | S62: 0 | T62: NO | U62: NO | AD62: =SUMPRODUCT($W$6:$AC$6,W62:AC62) -> 0 | AE62: =VLOOKUP(C62,#REF!,1,0) -> #REF!
C63: 50LRR | D63: LARRAIN | E63: LARRAIN | F63: - | G63: CIERRE DEFINITIVO | H63: TMCB | J63: 0 | L63: LA REINA | M63: METROPOLITANA | O63: 50LRR | P63: 12HRS | Q63: NO | S63: 0 | T63: NO | U63: NO | AD63: =SUMPRODUCT($W$6:$AC$6,W63:AC63) -> 0 | AE63: =VLOOKUP(C63,#REF!,1,0) -> #REF!
C64: 50LTD | D64: EMILIA TELLEZ | E64: EMILIA TELLEZ | F64: - | G64: CIERRE DEFINITIVO | H64: TMCB | J64: LOPEZ CALDERON LUIS GERARDO | L64: ÑUÑOA | M64: METROPOLITANA | O64: 50LTD | P64: 12HRS | Q64: NO | S64: 0 | T64: NO | U64: NO | AD64: =SUMPRODUCT($W$6:$AC$6,W64:AC64) -> 0 | AE64: =VLOOKUP(C64,#REF!,1,0) -> #REF!
C65: 50LVO | D65: EL MANZANO | E65: EL MANZANO | F65: - | G65: CIERRE DEFINITIVO | H65: TNM | J65: 0 | L65: RECOLETA | M65: METROPOLITANA | O65: 50LVO | P65: 12HRS | Q65: NO | S65: 0 | T65: NO | U65: NO | AD65: =SUMPRODUCT($W$6:$AC$6,W65:AC65) -> 0 | AE65: =VLOOKUP(C65,#REF!,1,0) -> #REF!
C66: 50MCA | D66: MATUCANA | E66: MATUCANA (matucana mapocho) | F66: - | G66: CIERRE DEFINITIVO | H66: TMCB | J66: 0 | L66: SANTIAGO | M66: METROPOLITANA | O66: 50MCA | P66: 12HRS | Q66: NO | S66: 0 | T66: NO | U66: NO | AD66: =SUMPRODUCT($W$6:$AC$6,W66:AC66) -> 0 | AE66: =VLOOKUP(C66,#REF!,1,0) -> #REF!
C67: 50MD2 | D67: HUERFANOS 2 | E67: HUERFANOS 2 | F67: - | G67: CIERRE DEFINITIVO | H67: T2023 | J67: 0 | L67: SANTIAGO | M67: METROPOLITANA | O67: 50MD2 | P67: 12HRS | Q67: NO | S67: 0 | T67: NO | U67: NO | AD67: =SUMPRODUCT($W$6:$AC$6,W67:AC67) -> 0 | AE67: =VLOOKUP(C67,#REF!,1,0) -> #REF!
C68: 50MMT | D68: MARTIN DE ZAMORA | E68: MARTIN DE ZAMORA | F68: - | G68: CIERRE DEFINITIVO | H68: TNM | J68: RIQUELME ESTAY ROBERTO | L68: LAS CONDES | M68: METROPOLITANA | O68: 50MMT | P68: 12HRS | Q68: NO | S68: 0 | T68: NO | U68: NO | AD68: =SUMPRODUCT($W$6:$AC$6,W68:AC68) -> 0 | AE68: =VLOOKUP(C68,#REF!,1,0) -> #REF!
C69: 50NU9 | D69: NATANIEL 2 | F69: - | G69: CIERRE DEFINITIVO | H69: TNM | J69: 0 | L69: SANTIAGO | M69: METROPOLITANA | O69: 50NU9 | P69: 12HRS | Q69: NO | S69: 0 | T69: NO | U69: NO | AD69: =SUMPRODUCT($W$6:$AC$6,W69:AC69) -> 0 | AE69: =VLOOKUP(C69,#REF!,1,0) -> #REF!
C70: 50OAD | D70: OKM ABDON CIFUENTES | E70: OKM ABDON CIFUENTES | F70: - | G70: CIERRE DEFINITIVO | H70: TMCB OKM | J70: BENITEZ QUILODRAN HUGO | L70: SANTIAGO | M70: METROPOLITANA | O70: 50OAD | P70: 12HRS | Q70: NO | S70: 0 | T70: NO | U70: NO | AD70: =SUMPRODUCT($W$6:$AC$6,W70:AC70) -> 0 | AE70: =VLOOKUP(C70,#REF!,1,0) -> #REF!
C71: 50OAE | D71: ARAUCO ESTACION | E71: OKM ARAUCO ESTACION | F71: - | G71: CIERRE DEFINITIVO | H71: TMCB OKM | J71: 0 | L71: ESTACIÓN CENTRAL | M71: METROPOLITANA | O71: 50OAE | P71: 12HRS | Q71: NO | S71: 0 | T71: NO | U71: NO | AD71: =SUMPRODUCT($W$6:$AC$6,W71:AC71) -> 0 | AE71: =VLOOKUP(C71,#REF!,1,0) -> #REF!
C72: 50OAG | D72: AIEP GRAJALES | E72: AIEP GRAJALES | F72: - | G72: CIERRE DEFINITIVO | H72: TMCB OKM | J72: 0 | L72: SANTIAGO | M72: METROPOLITANA | O72: 50OAG | P72: 12HRS | Q72: NO | S72: 0 | T72: NO | U72: NO | AD72: =SUMPRODUCT($W$6:$AC$6,W72:AC72) -> 0 | AE72: =VLOOKUP(C72,#REF!,1,0) -> #REF!
C73: 50OAZ | D73: ALVAREZ | E73: OKM ALVAREZ | F73: - | G73: CIERRE DEFINITIVO | H73: TMCB OKM | J73: 0 | L73: VIÑA DEL MAR | M73: VALPARAISO | O73: 50OAZ | P73: 12HRS | Q73: NO | S73: 0 | T73: NO | U73: NO | AD73: =SUMPRODUCT($W$6:$AC$6,W73:AC73) -> 0 | AE73: =VLOOKUP(C73,#REF!,1,0) -> #REF!
C74: 50OBO | D74: BORGONO | E74: OKM BORGOÑO | F74: - | G74: CIERRE DEFINITIVO | H74: TMCB OKM | J74: ESCOBAR VALDES VALESKA SOLEDAD | L74: VIÑA DEL MAR | M74: VALPARAISO | O74: 50OBO | P74: 12HRS | Q74: NO | S74: 0 | T74: NO | U74: NO | AD74: =SUMPRODUCT($W$6:$AC$6,W74:AC74) -> 0 | AE74: =VLOOKUP(C74,#REF!,1,0) -> #REF!
C75: 50OBS | D75: BOULEVARD DEL SOL | E75: BOULEVARD DEL SOL CL | F75: - | G75: CIERRE DEFINITIVO | H75: TMCB OKM | J75: ESCOBAR VALDES VALESKA SOLEDAD | L75: VIÑA DEL MAR | M75: VALPARAISO | O75: 50OBS | P75: 12HRS | Q75: NO | S75: 0 | T75: NO | U75: NO | AD75: =SUMPRODUCT($W$6:$AC$6,W75:AC75) -> 0 | AE75: =VLOOKUP(C75,#REF!,1,0) -> #REF!
C76: 50OCD | D76: OKM CATEDRAL TEATINOS | E76: OKM CATEDRAL TEATINOS | F76: - | G76: CIERRE DEFINITIVO | H76: TMCB OKM | J76: 0 | L76: SANTIAGO | M76: METROPOLITANA | O76: 50OCD | P76: 12HRS | Q76: NO | S76: 0 | T76: NO | U76: NO | AD76: =SUMPRODUCT($W$6:$AC$6,W76:AC76) -> 0 | AE76: =VLOOKUP(C76,#REF!,1,0) -> #REF!
C77: 50OCI | D77: CARMEN SANTA ISABEL | E77: OKM CARMEN | F77: - | G77: CIERRE DEFINITIVO | H77: TMCB OKM | J77: LIAZ MONTERO GABRIEL | L77: SANTIAGO | M77: METROPOLITANA | O77: 50OCI | P77: 12HRS | Q77: NO | S77: 0 | T77: NO | U77: NO | AD77: =SUMPRODUCT($W$6:$AC$6,W77:AC77) -> 0 | AE77: =VLOOKUP(C77,#REF!,1,0) -> #REF!
C78: 50OCV | D78: OKM CASTILLO VELASCO | E78: OKM EDO. CASTILLO VELASCO | F78: - | G78: CIERRE DEFINITIVO | H78: TMCB OKM | J78: ARAYA BURGOS ARIEL | L78: ÑUÑOA | M78: METROPOLITANA | O78: 50OCV | P78: 12HRS | Q78: NO | S78: 0 | T78: NO | U78: NO | AD78: =SUMPRODUCT($W$6:$AC$6,W78:AC78) -> 0 | AE78: =VLOOKUP(C78,#REF!,1,0) -> #REF!
C79: 50ODG | D79: INGLATERRA | E79: INGLATERRA | F79: - | G79: CIERRE DEFINITIVO | H79: TNM | J79: 0 | L79: LA FLORIDA | M79: METROPOLITANA | O79: 50ODG | P79: 12HRS | Q79: NO | S79: 0 | T79: NO | U79: NO | AD79: =SUMPRODUCT($W$6:$AC$6,W79:AC79) -> 0 | AE79: =VLOOKUP(C79,#REF!,1,0) -> #REF!
C80: 50OEB | D80: OKM EL BOSQUE | E80: OKM EL BOSQUE | F80: - | G80: CIERRE DEFINITIVO | H80: TMCB OKM | J80: BARRIOS BAPTISTA JUAN JOSE | L80: LAS CONDES | M80: METROPOLITANA | O80: 50OEB | P80: 12HRS | Q80: NO | S80: 0 | T80: NO | U80: NO | AD80: =SUMPRODUCT($W$6:$AC$6,W80:AC80) -> 0 | AE80: =VLOOKUP(C80,#REF!,1,0) -> #REF!
C81: 50OEN | D81: OKM ENCOMENDEROS | E81: OKM ENCOMENDEROS | F81: - | G81: CIERRE DEFINITIVO | H81: TMCB OKM | J81: RUIZ FERRER VANNA | L81: LAS CONDES | M81: METROPOLITANA | O81: 50OEN | P81: 12HRS | Q81: NO | S81: 0 | T81: NO | U81: NO | AD81: =SUMPRODUCT($W$6:$AC$6,W81:AC81) -> 0 | AE81: =VLOOKUP(C81,#REF!,1,0) -> #REF!
C82: 50OEX | D82: EXEQUIEL FERNANDEZ 2 | E82: OKM EXEQUIEL FERNANDEZ | F82: - | G82: CIERRE DEFINITIVO | H82: TMCB OKM | J82: 0 | L82: ÑUÑOA | M82: METROPOLITANA | O82: 50OEX | P82: 12HRS | Q82: NO | S82: 0 | T82: NO | U82: NO | AD82: =SUMPRODUCT($W$6:$AC$6,W82:AC82) -> 0 | AE82: =VLOOKUP(C82,#REF!,1,0) -> #REF!
C83: 50OFG | D83: OKM FRANCISCO NOGUERA | E83: OKM FRANCISCO NOGUERA | F83: - | G83: CIERRE DEFINITIVO | H83: TMCB OKM | J83: 0 | L83: PROVIDENCIA | M83: METROPOLITANA | O83: 50OFG | P83: 12HRS | Q83: NO | S83: 0 | T83: NO | U83: NO | AD83: =SUMPRODUCT($W$6:$AC$6,W83:AC83) -> 0 | AE83: =VLOOKUP(C83,#REF!,1,0) -> #REF!
C84: 50OIS | D84: OKM ISABEL LA CATOLICA | E84: OKM ISABEL LA CATOLICA | F84: - | G84: CIERRE DEFINITIVO | H84: TMCB OKM | J84: 0 | L84: LAS CONDES | M84: METROPOLITANA | O84: 50OIS | P84: 12HRS | Q84: NO | S84: 0 | T84: NO | U84: NO | AD84: =SUMPRODUCT($W$6:$AC$6,W84:AC84) -> 0 | AE84: =VLOOKUP(C84,#REF!,1,0) -> #REF!
C85: 50OLL | D85: LAS LILAS | E85: OKM LAS LILAS | F85: - | G85: CIERRE DEFINITIVO | H85: TMCB OKM | J85: RODRIGUEZ ABREU ROSA | L85: PROVIDENCIA | M85: METROPOLITANA | O85: 50OLL | P85: 12HRS | Q85: NO | S85: 0 | T85: NO | U85: NO | AD85: =SUMPRODUCT($W$6:$AC$6,W85:AC85) -> 0 | AE85: =VLOOKUP(C85,#REF!,1,0) -> #REF!
C86: 50OLM | D86: ESCUELA MILITAR 1 | E86: OKM ESCUELA MILITAR | F86: - | G86: CIERRE DEFINITIVO | H86: TMCB OKM | J86: LOPEZ CALDERON LUIS GERARDO | L86: LAS CONDES | M86: METROPOLITANA | O86: 50OLM | P86: 12HRS | Q86: NO | S86: 0 | T86: NO | U86: NO | AD86: =SUMPRODUCT($W$6:$AC$6,W86:AC86) -> 0 | AE86: =VLOOKUP(C86,#REF!,1,0) -> #REF!
C87: 50OMD | D87: MIDDLETON | E87: MIDDLETON | F87: - | G87: CIERRE DEFINITIVO | H87: TMCB OKM | J87: 0 | L87: PROVIDENCIA | M87: METROPOLITANA | O87: 50OMD | P87: 12HRS | Q87: NO | S87: 0 | T87: NO | U87: NO | AD87: =SUMPRODUCT($W$6:$AC$6,W87:AC87) -> 0 | AE87: =VLOOKUP(C87,#REF!,1,0) -> #REF!
C88: 50OMH | D88: MARCHANT PEREIRA 2 | E88: OKM MARCHANT PEREIRA | F88: - | G88: CIERRE DEFINITIVO | H88: TMCB OKM | J88: 0 | L88: PROVIDENCIA | M88: METROPOLITANA | O88: 50OMH | P88: 12HRS | Q88: NO | S88: 0 | T88: NO | U88: NO | AD88: =SUMPRODUCT($W$6:$AC$6,W88:AC88) -> 0 | AE88: =VLOOKUP(C88,#REF!,1,0) -> #REF!
C89: 50OMI | D89: OKM MIRAFLORES | E89: OKM MIRAFLORES | F89: - | G89: CIERRE DEFINITIVO | H89: TMCB OKM | J89: BENITEZ QUILODRAN HUGO | L89: SANTIAGO | M89: METROPOLITANA | O89: 50OMI | P89: 12HRS | Q89: NO | S89: 0 | T89: NO | U89: NO | AD89: =SUMPRODUCT($W$6:$AC$6,W89:AC89) -> 0 | AE89: =VLOOKUP(C89,#REF!,1,0) -> #REF!
C90: 50OMM | D90: MAYOR ABE | E90: OKM MAYOR ABE | F90: - | G90: CIERRE DEFINITIVO | H90: TMCB OKM | J90: PINERUA JAIMES JESUS | L90: MACUL | M90: METROPOLITANA | O90: 50OMM | P90: 12HRS | Q90: NO | S90: 0 | T90: NO | U90: NO | AD90: =SUMPRODUCT($W$6:$AC$6,W90:AC90) -> 0 | AE90: =VLOOKUP(C90,#REF!,1,0) -> #REF!
C91: 50OMT | D91: MAITENCILLO | E91: OKM MAITENCILLO | F91: - | G91: CIERRE DEFINITIVO | H91: TMCB OKM | J91: ESCOBAR VALDES VALESKA SOLEDAD | L91: VALPARAÍSO | M91: VALPARAISO | O91: 50OMT | P91: 12HRS | Q91: NO | S91: 0 | T91: NO | U91: NO | AD91: =SUMPRODUCT($W$6:$AC$6,W91:AC91) -> 0 | AE91: =VLOOKUP(C91,#REF!,1,0) -> #REF!
C92: 50OPV | D92: OKM PEDRO DE VALDIVIA | E92: OKM PEDRO DE VALDIVIA | F92: - | G92: CIERRE DEFINITIVO | H92: TMCB OKM | J92: ARAYA BURGOS ARIEL | L92: ÑUÑOA | M92: METROPOLITANA | O92: 50OPV | P92: 12HRS | Q92: NO | S92: 0 | T92: NO | U92: NO | AD92: =SUMPRODUCT($W$6:$AC$6,W92:AC92) -> 0 | AE92: =VLOOKUP(C92,#REF!,1,0) -> #REF!
C93: 50ORE | D93: CAMINO REAL | E93: CAMINO REAL CL | F93: - | G93: CIERRE DEFINITIVO | H93: TMCB OKM | J93: 0 | L93: VALPARAÍSO | M93: VALPARAISO | O93: 50ORE | P93: 12HRS | Q93: NO | S93: 0 | T93: NO | U93: NO | AD93: =SUMPRODUCT($W$6:$AC$6,W93:AC93) -> 0 | AE93: =VLOOKUP(C93,#REF!,1,0) -> #REF!
C94: 50ORY | D94: OKM LYON | E94: LYON CL | F94: - | G94: CIERRE DEFINITIVO | H94: TMCB OKM | J94: 0 | L94: PROVIDENCIA | M94: METROPOLITANA | O94: 50ORY | P94: 12HRS | Q94: NO | S94: 0 | T94: NO | U94: NO | AD94: =SUMPRODUCT($W$6:$AC$6,W94:AC94) -> 0 | AE94: =VLOOKUP(C94,#REF!,1,0) -> #REF!
C95: 50OSF | D95: OKM STRIP SAN FRANCISCO | E95: SAN FRANCISO/STA ISABEL | F95: - | G95: CIERRE DEFINITIVO | H95: TMCB OKM | J95: 0 | L95: SANTIAGO | M95: METROPOLITANA | O95: 50OSF | P95: 12HRS | Q95: NO | S95: 0 | T95: NO | U95: NO | AD95: =SUMPRODUCT($W$6:$AC$6,W95:AC95) -> 0 | AE95: =VLOOKUP(C95,#REF!,1,0) -> #REF!
C96: 50OSI | D96: OKM SANTA ISABEL | E96: OKM SANTA ISABEL | F96: - | G96: CIERRE DEFINITIVO | H96: TMCB OKM | J96: RUIZ FERRER VANNA | L96: PROVIDENCIA | M96: METROPOLITANA | O96: 50OSI | P96: 12HRS | Q96: NO | S96: 0 | T96: NO | U96: NO | AD96: =SUMPRODUCT($W$6:$AC$6,W96:AC96) -> 0 | AE96: =VLOOKUP(C96,#REF!,1,0) -> #REF!
C97: 50OSO | D97: OKM STRIP OSSA | E97: OKM STRIP OSSA | F97: - | G97: CIERRE DEFINITIVO | H97: TMCB OKM | J97: PINERUA JAIMES JESUS | L97: ÑUÑOA | M97: METROPOLITANA | O97: 50OSO | P97: 12HRS | Q97: NO | S97: 0 | T97: NO | U97: NO | AD97: =SUMPRODUCT($W$6:$AC$6,W97:AC97) -> 0 | AE97: =VLOOKUP(C97,#REF!,1,0) -> #REF!
C98: 50OSU | D98: SUCRE | E98: OKM SUCRE | F98: - | G98: CIERRE DEFINITIVO | H98: TMCB OKM | J98: RUIZ FERRER VANNA | L98: ÑUÑOA | M98: METROPOLITANA | O98: 50OSU | P98: 12HRS | Q98: NO | S98: 0 | T98: NO | U98: NO | AD98: =SUMPRODUCT($W$6:$AC$6,W98:AC98) -> 0 | AE98: =VLOOKUP(C98,#REF!,1,0) -> #REF!
C99: 50OTE | D99: TEATINOS | E99: OKM TEATINOS | F99: - | G99: CIERRE DEFINITIVO | H99: TMCB OKM | J99: LOPEZ CALDERON LUIS GERARDO | L99: SANTIAGO | M99: METROPOLITANA | O99: 50OTE | P99: 12HRS | Q99: NO | S99: 0 | T99: NO | U99: NO | AD99: =SUMPRODUCT($W$6:$AC$6,W99:AC99) -> 0 | AE99: =VLOOKUP(C99,#REF!,1,0) -> #REF!
C100: 50OVM | D100: VICUNA MACKENNA | E100: OKM VICUÑA MACKENNA | F100: - | G100: CIERRE DEFINITIVO | H100: TMCB OKM | J100: ARAYA BURGOS ARIEL | L100: LA FLORIDA | M100: METROPOLITANA | O100: 50OVM | P100: 12HRS | Q100: NO | S100: 0 | T100: NO | U100: NO | AD100: =SUMPRODUCT($W$6:$AC$6,W100:AC100) -> 0 | AE100: =VLOOKUP(C100,#REF!,1,0) -> #REF!
C101: 50P7X | D101: PEDRO DE VALDIVIA 6 | E101: PEDRO DE VALDIVIA 6 | F101: - | G101: CIERRE DEFINITIVO | H101: TNM | J101: ARAYA BURGOS ARIEL | L101: PROVIDENCIA | M101: METROPOLITANA | O101: 50P7X | P101: 12HRS | Q101: NO | S101: 0 | T101: NO | U101: NO | AD101: =SUMPRODUCT($W$6:$AC$6,W101:AC101) -> 0 | AE101: =VLOOKUP(C101,#REF!,1,0) -> #REF!
C102: 50PCH | D102: PLAZA DE ASIS | E102: PLAZA DE ASIS | F102: - | G102: CIERRE DEFINITIVO | H102: TMCB | J102: 0 | L102: LAS CONDES | M102: METROPOLITANA | O102: 50PCH | P102: 12HRS | Q102: NO | S102: 0 | T102: NO | U102: NO | AD102: =SUMPRODUCT($W$6:$AC$6,W102:AC102) -> 0 | AE102: =VLOOKUP(C102,#REF!,1,0) -> #REF!
C103: 50PCL | D103: CONDELL 1 | E103: CONDELL 1 | F103: - | G103: CIERRE DEFINITIVO | H103: TMCB | J103: 0 | L103: VALPARAÍSO | M103: VALPARAISO | O103: 50PCL | P103: 12HRS | Q103: NO | S103: 0 | T103: NO | U103: NO | AD103: =SUMPRODUCT($W$6:$AC$6,W103:AC103) -> 0 | AE103: =VLOOKUP(C103,#REF!,1,0) -> #REF!
C104: 50PDV | D104: PEDRO DE VALDIVIA 4 | E104: P. DE VALDIVIA 4 CLP | F104: - | G104: CIERRE DEFINITIVO | H104: TNM | J104: MENDOZA GIL BREYNER JOSE | L104: ÑUÑOA | M104: METROPOLITANA | O104: 50PDV | P104: 12HRS | Q104: NO | S104: 0 | T104: NO | U104: NO | AD104: =SUMPRODUCT($W$6:$AC$6,W104:AC104) -> 0 | AE104: =VLOOKUP(C104,#REF!,1,0) -> #REF!
...

Sheet MARZO_26 
C6: 1 | D6: =C6+1 -> 2 | E6: =D6+1 -> 3 | F6: =E6+1 -> 4 | G6: 5 | H6: =G6+1 -> 6 | I6: =H6+1 -> 7 | J6: =I6+1 -> 8 | K6: =J6+1 -> 9 | L6: =K6+1 -> 10 | M6: =L6+1 -> 11 | N6: =M6+1 -> 12 | O6: =N6+1 -> 13 | ... T6: =S6+1 -> 18 | U6: 20 | W6: 1 | X6: 1 | Y6: 1 | Z6: =30/44 -> 0.68181818 | AA6: =25/44 -> 0.56818182 | AB6: =20/44 -> 0.45454545 | AC6: =15/44 -> 0.34090909
C7: CECO | D7: NOMBRE MAESTRA | E7: GEO | F7: FTE AUT | G7: ESTADO RH | H7: GENERACION | I7: JEFE OPERACIONES | J7: ASESOR TIENDA | K7: TIENDA ESTIVAL | L7: COMUNA | M7: REGION | N7: RECLUTADOR | O7: CECO | P7: JORNADA OPERACIÓN | Q7: PLAN RESCATE | R7: OBJETIVO VENTA | S7: MACROZONA | T7: TIENDA BATTING | U7: ONE TIME | V7: OBSERVACION | W7: LIDER | X7: JEFE DE SALA | Y7: CAJERO | Z7: CAJERO PT 30 | AA7: PT25 | AB7: CAJERP PT 20 | AC7: PT15 | AD7: FTE TOTAL
C8: 50OEM | D8: OKM CIUDAD EMPRESARIAL | E8: OKM CIUDAD EMPRESARIAL | F8: - | G8: CIERRE DEFINITIVO | H8: TMCB OKM | J8: 0 | L8: HUECHURABA | M8: METROPOLITANA | O8: 50OEM | P8: 12HRS | Q8: NO | S8: 0 | T8: NO | U8: NO | AD8: =SUMPRODUCT($W$6:$AC$6,W8:AC8) -> 0 | AE8: =VLOOKUP(C8,#REF!,1,0) -> #REF!
C9: 50BPT | D9: ECUADOR PURISIMA | E9: ECUADOR PURISIMA | F9: - | G9: CIERRE DEFINITIVO | H9: TMCB | J9: 0 | L9: ESTACIÓN CENTRAL | M9: METROPOLITANA | O9: 50BPT | P9: 12HRS | Q9: NO | S9: 0 | T9: NO | U9: NO | AD9: =SUMPRODUCT($W$6:$AC$6,W9:AC9) -> 0 | AE9: =VLOOKUP(C9,#REF!,1,0) -> #REF!
C10: 50ODA | D10: OKM DIEGO DE ALMAGRO | E10: OKM DIEGO DE ALMAGRO | F10: - | G10: CIERRE DEFINITIVO | H10: TMCB OKM | J10: RODRIGUEZ ABREU ROSA | L10: PROVIDENCIA | M10: METROPOLITANA | O10: 50ODA | P10: 12HRS | Q10: NO | S10: 0 | T10: NO | U10: NO | AD10: =SUMPRODUCT($W$6:$AC$6,W10:AC10) -> 0 | AE10: =VLOOKUP(C10,#REF!,1,0) -> #REF!
C11: 50ODP | D11: OKM DIEGO PORTALES | E11: OKM DIEGO PORTALES | F11: - | G11: CIERRE DEFINITIVO | H11: TMCB OKM | J11: 0 | L11: VIÑA DEL MAR | M11: VALPARAISO | O11: 50ODP | P11: 12HRS | Q11: NO | S11: 0 | T11: NO | U11: NO | AD11: =SUMPRODUCT($W$6:$AC$6,W11:AC11) -> 0 | AE11: =VLOOKUP(C11,#REF!,1,0) -> #REF!
C12: 50OMN | D12: OKM MORANDE | E12: OKM MORANDE | F12: - | G12: CIERRE DEFINITIVO | H12: TMCB OKM | J12: LOPEZ CALDERON LUIS GERARDO | L12: SANTIAGO | M12: METROPOLITANA | O12: 50OMN | P12: 12HRS | Q12: NO | S12: 0 | T12: NO | U12: NO | AD12: =SUMPRODUCT($W$6:$AC$6,W12:AC12) -> 0 | AE12: =VLOOKUP(C12,#REF!,1,0) -> #REF!
C13: 50OSB | D13: SIMON BOLIVAR 2 | E13: OKM SIMÓN BOLIVAR | F13: - | G13: CIERRE DEFINITIVO | H13: TMCB OKM | J13: GAMERRE URZUA CECILIA | L13: ÑUÑOA | M13: METROPOLITANA | O13: 50OSB | P13: 12HRS | Q13: NO | S13: 0 | T13: NO | U13: NO | AD13: =SUMPRODUCT($W$6:$AC$6,W13:AC13) -> 0 | AE13: =VLOOKUP(C13,#REF!,1,0) -> #REF!
C14: 50OTO | D14: OKM TOESCA | E14: OKM TOESCA | F14: - | G14: CIERRE DEFINITIVO | H14: TMCB OKM | J14: RIQUELME ESTAY ROBERTO | L14: SANTIAGO | M14: METROPOLITANA | O14: 50OTO | P14: 12HRS | Q14: NO | S14: 0 | T14: NO | U14: NO | AD14: =SUMPRODUCT($W$6:$AC$6,W14:AC14) -> 0 | AE14: =VLOOKUP(C14,#REF!,1,0) -> #REF!
C15: 50OHT | D15: HAMBURGO 2 | E15: OKM HAMBURGO | F15: - | G15: CIERRE DEFINITIVO | H15: TMCB OKM | J15: LOPEZ CALDERON LUIS GERARDO | L15: ÑUÑOA | M15: METROPOLITANA | O15: 50OHT | P15: 12HRS | Q15: NO | S15: 0 | T15: NO | U15: NO | AD15: =SUMPRODUCT($W$6:$AC$6,W15:AC15) -> 0 | AE15: =VLOOKUP(C15,#REF!,1,0) -> #REF!
C16: 50OMP | D16: OKM MALL PLAZA OESTE | E16: OKM MALL PLAZA OESTE | F16: 0 | G16: CIERRE DEFINITIVO | H16: TMCB | J16: PINERUA JAIMES JESUS | L16: CERRILLOS | M16: METROPOLITANA | O16: 50OMP | P16: 12HRS | Q16: NO | S16: 0 | T16: NO | U16: NO | AD16: =SUMPRODUCT($W$6:$AC$6,W16:AC16) -> 0 | AE16: =VLOOKUP(C16,#REF!,1,0) -> #REF!
C17: 50OPR | D17: AVENIDA PERU | E17: OKM AVENIDA PERÚ | F17: - | G17: CIERRE DEFINITIVO | H17: TMCB OKM | J17: 0 | L17: RECOLETA | M17: METROPOLITANA | O17: 50OPR | P17: 12HRS | Q17: NO | S17: 0 | T17: NO | U17: NO | AD17: =SUMPRODUCT($W$6:$AC$6,W17:AC17) -> 0 | AE17: =VLOOKUP(C17,#REF!,1,0) -> #REF!
C18: 50AMU | D18: TORRE AMUNATEGUI | E18: TORRE AMUNATEGUI | F18: - | G18: CIERRE DEFINITIVO | H18: TNM | J18: 0 | L18: SANTIAGO | M18: METROPOLITANA | O18: 50AMU | P18: 12HRS | Q18: NO | S18: 0 | T18: NO | U18: NO | AD18: =SUMPRODUCT($W$6:$AC$6,W18:AC18) -> 0 | AE18: =VLOOKUP(C18,#REF!,1,0) -> #REF!
C19: 500LI | D19: JJ PEREZ | E19: JJ PEREZ | F19: - | G19: CIERRE DEFINITIVO | H19: TNM | J19: ESCOBAR VALDES VALESKA SOLEDAD | L19: CALERA | M19: VALPARAISO | O19: 500LI | P19: 12HRS | Q19: NO | S19: 0 | T19: NO | U19: NO | AD19: =SUMPRODUCT($W$6:$AC$6,W19:AC19) -> 0 | AE19: =VLOOKUP(C19,#REF!,1,0) -> #REF!
C20: 500UN | D20: PLAZA CHIGUAYANTE | E20: PLAZA CHIGUAYANTE | F20: - | G20: CIERRE DEFINITIVO | H20: T2024 | J20: ZAMBRANO JARA CAROLINA GRACIELA | L20: CHIGUAYANTE | M20: BIOBIO | O20: 500UN | P20: 12HRS | Q20: NO | S20: 0 | T20: NO | U20: NO | AD20: =SUMPRODUCT($W$6:$AC$6,W20:AC20) -> 0 | AE20: =VLOOKUP(C20,#REF!,1,0) -> #REF!
C21: 501CG | D21: IRARRAZAVAL 1 | E21: IRARRAZAVAL 1 | F21: - | G21: CIERRE DEFINITIVO | H21: TNM | J21: RUIZ FERRER VANNA | L21: ÑUÑOA | M21: METROPOLITANA | O21: 501CG | P21: 12HRS | Q21: NO | S21: 0 | T21: NO | U21: NO | AD21: =SUMPRODUCT($W$6:$AC$6,W21:AC21) -> 0 | AE21: =VLOOKUP(C21,#REF!,1,0) -> #REF!
C22: 502IY | D22: INDEPENDENCIA 2 | E22: INDEPENDENCIA 2 | F22: - | G22: CIERRE DEFINITIVO | H22: TNM | J22: 0 | L22: INDEPENDENCIA | M22: METROPOLITANA | O22: 502IY | P22: 12HRS | Q22: NO | S22: 0 | T22: NO | U22: NO | AD22: =SUMPRODUCT($W$6:$AC$6,W22:AC22) -> 0 | AE22: =VLOOKUP(C22,#REF!,1,0) -> #REF!
C23: 502UE | D23: MIRAFLORES | E23: MIRAFLORES | F23: - | G23: CIERRE DEFINITIVO | H23: TNM | J23: BENITEZ QUILODRAN HUGO | L23: SANTIAGO | M23: METROPOLITANA | O23: 502UE | P23: 12HRS | Q23: NO | S23: 0 | T23: NO | U23: NO | AD23: =SUMPRODUCT($W$6:$AC$6,W23:AC23) -> 0 | AE23: =VLOOKUP(C23,#REF!,1,0) -> #REF!
C24: 503LC | D24: TALCA 2 | E24: TALCA 2 | F24: - | G24: CIERRE DEFINITIVO | H24: TNM | J24: PINERUA JAIMES JESUS | L24: TALCA | M24: MAULE | O24: 503LC | P24: 12HRS | Q24: NO | S24: 0 | T24: NO | U24: NO | AD24: =SUMPRODUCT($W$6:$AC$6,W24:AC24) -> 0 | AE24: =VLOOKUP(C24,#REF!,1,0) -> #REF!
C25: 503YO | D25: SAN DIEGO 2 | E25: SAN DIEGO 2 | F25: - | G25: CIERRE DEFINITIVO | H25: TNM | J25: BENITEZ QUILODRAN HUGO | L25: SANTIAGO | M25: METROPOLITANA | O25: 503YO | P25: 12HRS | Q25: NO | S25: 0 | T25: NO | U25: NO | AD25: =SUMPRODUCT($W$6:$AC$6,W25:AC25) -> 0 | AE25: =VLOOKUP(C25,#REF!,1,0) -> #REF!
C26: 504GZ | D26: OHIGGINS ANGOL | E26: OHIGGINS ANGOL | F26: - | G26: CIERRE DEFINITIVO | H26: TNM | J26: ZAMBRANO JARA CAROLINA GRACIELA | L26: CONCEPCIÓN | M26: BIOBIO | O26: 504GZ | P26: 12HRS | Q26: NO | S26: 0 | T26: NO | U26: NO | AD26: =SUMPRODUCT($W$6:$AC$6,W26:AC26) -> 0 | AE26: =VLOOKUP(C26,#REF!,1,0) -> #REF!
C27: 504UJ | D27: BANDERA 2 | E27: BANDERA 2 | F27: - | G27: CIERRE DEFINITIVO | H27: TNM | J27: LOPEZ CALDERON LUIS GERARDO | L27: SANTIAGO | M27: METROPOLITANA | O27: 504UJ | P27: 12HRS | Q27: NO | S27: 0 | T27: NO | U27: NO | AD27: =SUMPRODUCT($W$6:$AC$6,W27:AC27) -> 0 | AE27: =VLOOKUP(C27,#REF!,1,0) -> #REF!
C28: 5050J | D28: MALL PATIO RANCAGUA | E28: PATIO RANCAGUA | F28: - | G28: CIERRE DEFINITIVO | H28: TNM | J28: PINERUA JAIMES JESUS | L28: RANCAGUA | M28: BERNARDO OHIGGINS | O28: 5050J | P28: 12HRS | Q28: NO | S28: 0 | T28: NO | U28: NO | AD28: =SUMPRODUCT($W$6:$AC$6,W28:AC28) -> 0 | AE28: =VLOOKUP(C28,#REF!,1,0) -> #REF!
C29: 506J6 | D29: ABATE MOLINA | E29: ABATE MOLINA | F29: - | G29: CIERRE DEFINITIVO | H29: TNM | J29: 0 | L29: SANTIAGO | M29: METROPOLITANA | O29: 506J6 | P29: 12HRS | Q29: NO | S29: 0 | T29: NO | U29: NO | AD29: =SUMPRODUCT($W$6:$AC$6,W29:AC29) -> 0 | AE29: =VLOOKUP(C29,#REF!,1,0) -> #REF!
C30: 506ZY | D30: PEDRO TORRES | E30: PEDRO TORRES | F30: - | G30: CIERRE DEFINITIVO | H30: TNM | J30: GAMERRE URZUA CECILIA | L30: ÑUÑOA | M30: METROPOLITANA | O30: 506ZY | P30: 12HRS | Q30: NO | S30: 0 | T30: NO | U30: NO | AD30: =SUMPRODUCT($W$6:$AC$6,W30:AC30) -> 0 | AE30: =VLOOKUP(C30,#REF!,1,0) -> #REF!
C31: 508NJ | D31: LINARES | E31: LINARES 1 | F31: - | G31: CIERRE DEFINITIVO | H31: TNM | J31: PINERUA JAIMES JESUS | L31: LINARES | M31: MAULE | O31: 508NJ | P31: 12HRS | Q31: NO | S31: 0 | T31: NO | U31: NO | AD31: =SUMPRODUCT($W$6:$AC$6,W31:AC31) -> 0 | AE31: =VLOOKUP(C31,#REF!,1,0) -> #REF!
C32: 5091B | D32: HOLANDA 3 | E32: HOLANDA 3 | F32: - | G32: CIERRE DEFINITIVO | H32: TNM | J32: 0 | L32: PROVIDENCIA | M32: METROPOLITANA | O32: 5091B | P32: 12HRS | Q32: NO | S32: 0 | T32: NO | U32: NO | AD32: =SUMPRODUCT($W$6:$AC$6,W32:AC32) -> 0 | AE32: =VLOOKUP(C32,#REF!,1,0) -> #REF!
C33: 509H6 | D33: MACHALI SEWEL | E33: MACHALÍ SEWEL | F33: - | G33: CIERRE DEFINITIVO | H33: TNM | J33: PINERUA JAIMES JESUS | L33: MACHALÍ | M33: BERNARDO OHIGGINS | O33: 509H6 | P33: 12HRS | Q33: NO | S33: 0 | T33: NO | U33: NO | AD33: =SUMPRODUCT($W$6:$AC$6,W33:AC33) -> 0 | AE33: =VLOOKUP(C33,#REF!,1,0) -> #REF!
C34: 50AFU | D34: SANTA AMALIA | E34: SANTA AMALIA | F34: - | G34: CIERRE DEFINITIVO | H34: TNM | J34: ARAYA BURGOS ARIEL | L34: LA FLORIDA | M34: METROPOLITANA | O34: 50AFU | P34: 12HRS | Q34: NO | S34: 0 | T34: NO | U34: NO | AD34: =SUMPRODUCT($W$6:$AC$6,W34:AC34) -> 0 | AE34: =VLOOKUP(C34,#REF!,1,0) -> #REF!
C35: 50AGU | D35: EL AGUILUCHO | E35: EL AGUILUCHO | F35: - | G35: CIERRE DEFINITIVO | H35: TNM | J35: ARAYA BURGOS ARIEL | L35: PROVIDENCIA | M35: METROPOLITANA | O35: 50AGU | P35: 12HRS | Q35: NO | S35: 0 | T35: NO | U35: NO | AD35: =SUMPRODUCT($W$6:$AC$6,W35:AC35) -> 0 | AE35: =VLOOKUP(C35,#REF!,1,0) -> #REF!
C36: 50AJL | D36: LA CASTELLANA | E36: LA CASTELLANA | F36: - | G36: CIERRE DEFINITIVO | H36: T2024 | J36: LOPEZ CALDERON LUIS GERARDO | L36: LAS CONDES | M36: METROPOLITANA | O36: 50AJL | P36: 12HRS | Q36: NO | S36: 0 | T36: NO | U36: NO | AD36: =SUMPRODUCT($W$6:$AC$6,W36:AC36) -> 0 | AE36: =VLOOKUP(C36,#REF!,1,0) -> #REF!
C37: 50AL4 | D37: ANIBAL PINTO | E37: ANIBAL PINTO | F37: - | G37: CIERRE DEFINITIVO | H37: T2024 | J37: ZAMBRANO JARA CAROLINA GRACIELA | L37: CONCEPCIÓN | M37: BIOBIO | O37: 50AL4 | P37: 12HRS | Q37: NO | S37: 0 | T37: NO | U37: NO | AD37: =SUMPRODUCT($W$6:$AC$6,W37:AC37) -> 0 | AE37: =VLOOKUP(C37,#REF!,1,0) -> #REF!
C38: 50AZF | D38: PUDAHUEL SAN PABLO 2 | E38: PUDAHUEL SAN PABLO 2 | F38: - | G38: CIERRE DEFINITIVO | H38: TNM | J38: 0 | L38: PUDAHUEL | M38: METROPOLITANA | O38: 50AZF | P38: 12HRS | Q38: NO | S38: 0 | T38: NO | U38: NO | AD38: =SUMPRODUCT($W$6:$AC$6,W38:AC38) -> 0 | AE38: =VLOOKUP(C38,#REF!,1,0) -> #REF!
C39: 50BER | D39: EL BERGANTIN | E39: EL BERGANTIN | F39: - | G39: CIERRE DEFINITIVO | H39: TMCB | J39: LIAZ MONTERO GABRIEL | L39: LAS CONDES | M39: METROPOLITANA | O39: 50BER | P39: 12HRS | Q39: NO | S39: 0 | T39: NO | U39: NO | AD39: =SUMPRODUCT($W$6:$AC$6,W39:AC39) -> 0 | AE39: =VLOOKUP(C39,#REF!,1,0) -> #REF!
C40: 50BLL | D40: BILBAO LOS LEONES | E40: BILBAO LOS LEONES | F40: - | G40: CIERRE DEFINITIVO | H40: TMCB | J40: RODRIGUEZ ABREU ROSA | L40: PROVIDENCIA | M40: METROPOLITANA | O40: 50BLL | P40: 12HRS | Q40: NO | S40: 0 | T40: NO | U40: NO | AD40: =SUMPRODUCT($W$6:$AC$6,W40:AC40) -> 0 | AE40: =VLOOKUP(C40,#REF!,1,0) -> #REF!
C41: 50BMP | D41: SANTO DOMINGO | E41: SANTO DOMINGO | F41: - | G41: CIERRE DEFINITIVO | H41: TNM | J41: BENITEZ QUILODRAN HUGO | L41: SANTIAGO | M41: METROPOLITANA | O41: 50BMP | P41: 12HRS | Q41: NO | S41: 0 | T41: NO | U41: NO | AD41: =SUMPRODUCT($W$6:$AC$6,W41:AC41) -> 0 | AE41: =VLOOKUP(C41,#REF!,1,0) -> #REF!
C42: 50CEI | D42: BARCELONA | E42: BARCELONA | F42: - | G42: CIERRE DEFINITIVO | H42: T2024 | J42: ARAYA BURGOS ARIEL | L42: LA FLORIDA | M42: METROPOLITANA | O42: 50CEI | P42: 12HRS | Q42: NO | S42: 0 | T42: NO | U42: NO | AD42: =SUMPRODUCT($W$6:$AC$6,W42:AC42) -> 0 | AE42: =VLOOKUP(C42,#REF!,1,0) -> #REF!
C43: 50DBW | D43: RENACA 1 | E43: REÑACA 1 | F43: - | G43: CIERRE DEFINITIVO | H43: TNM | J43: ESCOBAR VALDES VALESKA SOLEDAD | L43: VIÑA DEL MAR | M43: VALPARAISO | O43: 50DBW | P43: 12HRS | Q43: NO | S43: 0 | T43: NO | U43: NO | AD43: =SUMPRODUCT($W$6:$AC$6,W43:AC43) -> 0 | AE43: =VLOOKUP(C43,#REF!,1,0) -> #REF!
C44: 50DXJ | D44: PROVIDENCIA 1 | E44: PROVIDENCIA 1 | F44: - | G44: CIERRE DEFINITIVO | H44: TMCB | J44: 0 | L44: PROVIDENCIA | M44: METROPOLITANA | O44: 50DXJ | P44: 12HRS | Q44: NO | S44: 0 | T44: NO | U44: NO | AD44: =SUMPRODUCT($W$6:$AC$6,W44:AC44) -> 0 | AE44: =VLOOKUP(C44,#REF!,1,0) -> #REF!
C45: 50EVA | D45: PRAT SALINAS | E45: PRAT SALINAS | F45: - | G45: CIERRE DEFINITIVO | H45: TNM | J45: MENDOZA GIL BREYNER JOSE | L45: SAN FELIPE | M45: VALPARAISO | O45: 50EVA | P45: 12HRS | Q45: NO | S45: 0 | T45: NO | U45: NO | AD45: =SUMPRODUCT($W$6:$AC$6,W45:AC45) -> 0 | AE45: =VLOOKUP(C45,#REF!,1,0) -> #REF!
C46: 50FLF | D46: LAS VERBENAS | E46: LAS VERBENAS | F46: - | G46: CIERRE DEFINITIVO | H46: T2024 | J46: GAMERRE URZUA CECILIA | L46: LAS CONDES | M46: METROPOLITANA | O46: 50FLF | P46: 12HRS | Q46: NO | S46: 0 | T46: NO | U46: NO | AD46: =SUMPRODUCT($W$6:$AC$6,W46:AC46) -> 0 | AE46: =VLOOKUP(C46,#REF!,1,0) -> #REF!
C47: 50GDJ | D47: APOQUINDO SAN PASCUAL | E47: APOQUINDO SAN PASCUAL | F47: - | G47: CIERRE DEFINITIVO | H47: TMCB | J47: LOPEZ CALDERON LUIS GERARDO | L47: LAS CONDES | M47: METROPOLITANA | O47: 50GDJ | P47: 12HRS | Q47: NO | S47: 0 | T47: NO | U47: NO | AD47: =SUMPRODUCT($W$6:$AC$6,W47:AC47) -> 0 | AE47: =VLOOKUP(C47,#REF!,1,0) -> #REF!
C48: 50GIA | D48: AGUSTINAS SAN MARTIN 2 | E48: AGUSTINAS SAN MARTIN 2 | F48: - | G48: CIERRE DEFINITIVO | H48: TNM | J48: LOPEZ CALDERON LUIS GERARDO | L48: SANTIAGO | M48: METROPOLITANA | O48: 50GIA | P48: 12HRS | Q48: NO | S48: 0 | T48: NO | U48: NO | AD48: =SUMPRODUCT($W$6:$AC$6,W48:AC48) -> 0 | AE48: =VLOOKUP(C48,#REF!,1,0) -> #REF!
C49: 50GNW | D49: SAN PABLO MORANDE | E49: SAN PABLO MORANDE | F49: - | G49: CIERRE DEFINITIVO | H49: TMCB | J49: MENDOZA GIL BREYNER JOSE | L49: SANTIAGO | M49: METROPOLITANA | O49: 50GNW | P49: 12HRS | Q49: NO | S49: 0 | T49: NO | U49: NO | AD49: =SUMPRODUCT($W$6:$AC$6,W49:AC49) -> 0 | AE49: =VLOOKUP(C49,#REF!,1,0) -> #REF!
C50: 50GP4 | D50: OROMPELLO | E50: OROMPELLO | F50: - | G50: CIERRE DEFINITIVO | H50: TNM | J50: ZAMBRANO JARA CAROLINA GRACIELA | L50: CONCEPCIÓN | M50: BIOBIO | O50: 50GP4 | P50: 12HRS | Q50: NO | S50: 0 | T50: NO | U50: NO | AD50: =SUMPRODUCT($W$6:$AC$6,W50:AC50) -> 0 | AE50: =VLOOKUP(C50,#REF!,1,0) -> #REF!
C51: 50GRE | D51: GRECIA EXEQUIEL | E51: GRECIA EXEQUIEL | F51: - | G51: CIERRE DEFINITIVO | H51: TMCB | J51: PINERUA JAIMES JESUS | L51: ÑUÑOA | M51: METROPOLITANA | O51: 50GRE | P51: 12HRS | Q51: NO | S51: 0 | T51: NO | U51: NO | AD51: =SUMPRODUCT($W$6:$AC$6,W51:AC51) -> 0 | AE51: =VLOOKUP(C51,#REF!,1,0) -> #REF!
C52: 50IAB | D52: IRARRAZAVAL ANTONIO VARAS | E52: IRARRAZAVAL ANTONIO VARAS | F52: - | G52: CIERRE DEFINITIVO | H52: TMCB | J52: ARAYA BURGOS ARIEL | L52: ÑUÑOA | M52: METROPOLITANA | O52: 50IAB | P52: 12HRS | Q52: NO | S52: 0 | T52: NO | U52: NO | AD52: =SUMPRODUCT($W$6:$AC$6,W52:AC52) -> 0 | AE52: =VLOOKUP(C52,#REF!,1,0) -> #REF!
C53: 50IHX | D53: VILLA ALEMANA 2 | E53: VILLA ALEMANA 2 | F53: - | G53: CIERRE DEFINITIVO | H53: TNM | J53: ESCOBAR VALDES VALESKA SOLEDAD | L53: VILLA ALEMANA | M53: VALPARAISO | O53: 50IHX | P53: 12HRS | Q53: NO | S53: 0 | T53: NO | U53: NO | AD53: =SUMPRODUCT($W$6:$AC$6,W53:AC53) -> 0 | AE53: =VLOOKUP(C53,#REF!,1,0) -> #REF!
C54: 50INN | D54: QUILLOTA 1 | E54: QUILLOTA 1 | F54: - | G54: CIERRE DEFINITIVO | H54: TNM | J54: ESCOBAR VALDES VALESKA SOLEDAD | L54: QUILLOTA | M54: VALPARAISO | O54: 50INN | P54: 12HRS | Q54: NO | S54: 0 | T54: NO | U54: NO | AD54: =SUMPRODUCT($W$6:$AC$6,W54:AC54) -> 0 | AE54: =VLOOKUP(C54,#REF!,1,0) -> #REF!
C55: 50ISU | D55: IRARRAZAVAL SUECIA | E55: IRARRAZAVAL SUECIA | F55: - | G55: CIERRE DEFINITIVO | H55: TNM | J55: 0 | L55: ÑUÑOA | M55: METROPOLITANA | O55: 50ISU | P55: 12HRS | Q55: NO | S55: 0 | T55: NO | U55: NO | AD55: =SUMPRODUCT($W$6:$AC$6,W55:AC55) -> 0 | AE55: =VLOOKUP(C55,#REF!,1,0) -> #REF!
C56: 50ITA | D56: IRARRAZAVAL ITALIA | E56: IRARRAZAVAL ITALIA | F56: - | G56: CIERRE DEFINITIVO | H56: TMCB | J56: RUIZ FERRER VANNA | L56: ÑUÑOA | M56: METROPOLITANA | O56: 50ITA | P56: 12HRS | Q56: NO | S56: 0 | T56: NO | U56: NO | AD56: =SUMPRODUCT($W$6:$AC$6,W56:AC56) -> 0 | AE56: =VLOOKUP(C56,#REF!,1,0) -> #REF!
C57: 50K17 | D57: PEDRO DE VALDIVIA 5 | E57: PEDRO DE VALDIVIA 5 | F57: - | G57: CIERRE DEFINITIVO | H57: TNM | J57: MENDOZA GIL BREYNER JOSE | L57: ÑUÑOA | M57: METROPOLITANA | O57: 50K17 | P57: 12HRS | Q57: NO | S57: 0 | T57: NO | U57: NO | AD57: =SUMPRODUCT($W$6:$AC$6,W57:AC57) -> 0 | AE57: =VLOOKUP(C57,#REF!,1,0) -> #REF!
C58: 50KAD | D58: DR JOHOW | E58: DR JOHOW | F58: - | G58: CIERRE DEFINITIVO | H58: TNM | J58: PINERUA JAIMES JESUS | L58: ÑUÑOA | M58: METROPOLITANA | O58: 50KAD | P58: 12HRS | Q58: NO | S58: 0 | T58: NO | U58: NO | AD58: =SUMPRODUCT($W$6:$AC$6,W58:AC58) -> 0 | AE58: =VLOOKUP(C58,#REF!,1,0) -> #REF!
C59: 50KT5 | D59: PEDRO ONA | E59: PEDRO DE OÑA | F59: - | G59: CIERRE DEFINITIVO | H59: TNM | J59: RUIZ FERRER VANNA | L59: ÑUÑOA | M59: METROPOLITANA | O59: 50KT5 | P59: 12HRS | Q59: NO | S59: 0 | T59: NO | U59: NO | AD59: =SUMPRODUCT($W$6:$AC$6,W59:AC59) -> 0 | AE59: =VLOOKUP(C59,#REF!,1,0) -> #REF!
C60: 50KT9 | D60: PLAZA CALERA | E60: RIPLEY LA CALERA | F60: - | G60: CIERRE DEFINITIVO | H60: T2024 | J60: ESCOBAR VALDES VALESKA SOLEDAD | L60: CALERA | M60: VALPARAISO | O60: 50KT9 | P60: 12HRS | Q60: NO | S60: 0 | T60: NO | U60: NO | AD60: =SUMPRODUCT($W$6:$AC$6,W60:AC60) -> 0 | AE60: =VLOOKUP(C60,#REF!,1,0) -> #REF!
C61: 50LBB | D61: LOS BARBECHOS | E61: LOS BARBECHOS | F61: - | G61: CIERRE DEFINITIVO | H61: TMCB | J61: GAMERRE URZUA CECILIA | L61: LAS CONDES | M61: METROPOLITANA | O61: 50LBB | P61: 12HRS | Q61: NO | S61: 0 | T61: NO | U61: NO | AD61: =SUMPRODUCT($W$6:$AC$6,W61:AC61) -> 0 | AE61: =VLOOKUP(C61,#REF!,1,0) -> #REF!
C62: 50LCO | D62: LIRA CURICO | E62: LIRA CURICO | F62: - | G62: CIERRE DEFINITIVO | H62: T2023 | J62: 0 | L62: SANTIAGO | M62: METROPOLITANA | O62: 50LCO | P62: 12HRS | Q62: NO | S62: 0 | T62: NO | U62: NO | AD62: =SUMPRODUCT($W$6:$AC$6,W62:AC62) -> 0 | AE62: =VLOOKUP(C62,#REF!,1,0) -> #REF!
C63: 50LRR | D63: LARRAIN | E63: LARRAIN | F63: - | G63: CIERRE DEFINITIVO | H63: TMCB | J63: 0 | L63: LA REINA | M63: METROPOLITANA | O63: 50LRR | P63: 12HRS | Q63: NO | S63: 0 | T63: NO | U63: NO | AD63: =SUMPRODUCT($W$6:$AC$6,W63:AC63) -> 0 | AE63: =VLOOKUP(C63,#REF!,1,0) -> #REF!
C64: 50LTD | D64: EMILIA TELLEZ | E64: EMILIA TELLEZ | F64: - | G64: CIERRE DEFINITIVO | H64: TMCB | J64: LOPEZ CALDERON LUIS GERARDO | L64: ÑUÑOA | M64: METROPOLITANA | O64: 50LTD | P64: 12HRS | Q64: NO | S64: 0 | T64: NO | U64: NO | AD64: =SUMPRODUCT($W$6:$AC$6,W64:AC64) -> 0 | AE64: =VLOOKUP(C64,#REF!,1,0) -> #REF!
C65: 50LVO | D65: EL MANZANO | E65: EL MANZANO | F65: - | G65: CIERRE DEFINITIVO | H65: TNM | J65: 0 | L65: RECOLETA | M65: METROPOLITANA | O65: 50LVO | P65: 12HRS | Q65: NO | S65: 0 | T65: NO | U65: NO | AD65: =SUMPRODUCT($W$6:$AC$6,W65:AC65) -> 0 | AE65: =VLOOKUP(C65,#REF!,1,0) -> #REF!
C66: 50MCA | D66: MATUCANA | E66: MATUCANA (matucana mapocho) | F66: - | G66: CIERRE DEFINITIVO | H66: TMCB | J66: 0 | L66: SANTIAGO | M66: METROPOLITANA | O66: 50MCA | P66: 12HRS | Q66: NO | S66: 0 | T66: NO | U66: NO | AD66: =SUMPRODUCT($W$6:$AC$6,W66:AC66) -> 0 | AE66: =VLOOKUP(C66,#REF!,1,0) -> #REF!
C67: 50MD2 | D67: HUERFANOS 2 | E67: HUERFANOS 2 | F67: - | G67: CIERRE DEFINITIVO | H67: T2023 | J67: 0 | L67: SANTIAGO | M67: METROPOLITANA | O67: 50MD2 | P67: 12HRS | Q67: NO | S67: 0 | T67: NO | U67: NO | AD67: =SUMPRODUCT($W$6:$AC$6,W67:AC67) -> 0 | AE67: =VLOOKUP(C67,#REF!,1,0) -> #REF!
C68: 50MMT | D68: MARTIN DE ZAMORA | E68: MARTIN DE ZAMORA | F68: - | G68: CIERRE DEFINITIVO | H68: TNM | J68: RIQUELME ESTAY ROBERTO | L68: LAS CONDES | M68: METROPOLITANA | O68: 50MMT | P68: 12HRS | Q68: NO | S68: 0 | T68: NO | U68: NO | AD68: =SUMPRODUCT($W$6:$AC$6,W68:AC68) -> 0 | AE68: =VLOOKUP(C68,#REF!,1,0) -> #REF!
C69: 50NU9 | D69: NATANIEL 2 | F69: - | G69: CIERRE DEFINITIVO | H69: TNM | J69: 0 | L69: SANTIAGO | M69: METROPOLITANA | O69: 50NU9 | P69: 12HRS | Q69: NO | S69: 0 | T69: NO | U69: NO | AD69: =SUMPRODUCT($W$6:$AC$6,W69:AC69) -> 0 | AE69: =VLOOKUP(C69,#REF!,1,0) -> #REF!
C70: 50OAD | D70: OKM ABDON CIFUENTES | E70: OKM ABDON CIFUENTES | F70: - | G70: CIERRE DEFINITIVO | H70: TMCB OKM | J70: BENITEZ QUILODRAN HUGO | L70: SANTIAGO | M70: METROPOLITANA | O70: 50OAD | P70: 12HRS | Q70: NO | S70: 0 | T70: NO | U70: NO | AD70: =SUMPRODUCT($W$6:$AC$6,W70:AC70) -> 0 | AE70: =VLOOKUP(C70,#REF!,1,0) -> #REF!
C71: 50OAE | D71: ARAUCO ESTACION | E71: OKM ARAUCO ESTACION | F71: - | G71: CIERRE DEFINITIVO | H71: TMCB OKM | J71: 0 | L71: ESTACIÓN CENTRAL | M71: METROPOLITANA | O71: 50OAE | P71: 12HRS | Q71: NO | S71: 0 | T71: NO | U71: NO | AD71: =SUMPRODUCT($W$6:$AC$6,W71:AC71) -> 0 | AE71: =VLOOKUP(C71,#REF!,1,0) -> #REF!
C72: 50OAG | D72: AIEP GRAJALES | E72: AIEP GRAJALES | F72: - | G72: CIERRE DEFINITIVO | H72: TMCB OKM | J72: 0 | L72: SANTIAGO | M72: METROPOLITANA | O72: 50OAG | P72: 12HRS | Q72: NO | S72: 0 | T72: NO | U72: NO | AD72: =SUMPRODUCT($W$6:$AC$6,W72:AC72) -> 0 | AE72: =VLOOKUP(C72,#REF!,1,0) -> #REF!
C73: 50OAZ | D73: ALVAREZ | E73: OKM ALVAREZ | F73: - | G73: CIERRE DEFINITIVO | H73: TMCB OKM | J73: 0 | L73: VIÑA DEL MAR | M73: VALPARAISO | O73: 50OAZ | P73: 12HRS | Q73: NO | S73: 0 | T73: NO | U73: NO | AD73: =SUMPRODUCT($W$6:$AC$6,W73:AC73) -> 0 | AE73: =VLOOKUP(C73,#REF!,1,0) -> #REF!
C74: 50OBO | D74: BORGONO | E74: OKM BORGOÑO | F74: - | G74: CIERRE DEFINITIVO | H74: TMCB OKM | J74: ESCOBAR VALDES VALESKA SOLEDAD | L74: VIÑA DEL MAR | M74: VALPARAISO | O74: 50OBO | P74: 12HRS | Q74: NO | S74: 0 | T74: NO | U74: NO | AD74: =SUMPRODUCT($W$6:$AC$6,W74:AC74) -> 0 | AE74: =VLOOKUP(C74,#REF!,1,0) -> #REF!
C75: 50OBS | D75: BOULEVARD DEL SOL | E75: BOULEVARD DEL SOL CL | F75: - | G75: CIERRE DEFINITIVO | H75: TMCB OKM | J75: ESCOBAR VALDES VALESKA SOLEDAD | L75: VIÑA DEL MAR | M75: VALPARAISO | O75: 50OBS | P75: 12HRS | Q75: NO | S75: 0 | T75: NO | U75: NO | AD75: =SUMPRODUCT($W$6:$AC$6,W75:AC75) -> 0 | AE75: =VLOOKUP(C75,#REF!,1,0) -> #REF!
C76: 50OCD | D76: OKM CATEDRAL TEATINOS | E76: OKM CATEDRAL TEATINOS | F76: - | G76: CIERRE DEFINITIVO | H76: TMCB OKM | J76: 0 | L76: SANTIAGO | M76: METROPOLITANA | O76: 50OCD | P76: 12HRS | Q76: NO | S76: 0 | T76: NO | U76: NO | AD76: =SUMPRODUCT($W$6:$AC$6,W76:AC76) -> 0 | AE76: =VLOOKUP(C76,#REF!,1,0) -> #REF!
C77: 50OCI | D77: CARMEN SANTA ISABEL | E77: OKM CARMEN | F77: - | G77: CIERRE DEFINITIVO | H77: TMCB OKM | J77: LIAZ MONTERO GABRIEL | L77: SANTIAGO | M77: METROPOLITANA | O77: 50OCI | P77: 12HRS | Q77: NO | S77: 0 | T77: NO | U77: NO | AD77: =SUMPRODUCT($W$6:$AC$6,W77:AC77) -> 0 | AE77: =VLOOKUP(C77,#REF!,1,0) -> #REF!
C78: 50OCV | D78: OKM CASTILLO VELASCO | E78: OKM EDO. CASTILLO VELASCO | F78: - | G78: CIERRE DEFINITIVO | H78: TMCB OKM | J78: ARAYA BURGOS ARIEL | L78: ÑUÑOA | M78: METROPOLITANA | O78: 50OCV | P78: 12HRS | Q78: NO | S78: 0 | T78: NO | U78: NO | AD78: =SUMPRODUCT($W$6:$AC$6,W78:AC78) -> 0 | AE78: =VLOOKUP(C78,#REF!,1,0) -> #REF!
C79: 50ODG | D79: INGLATERRA | E79: INGLATERRA | F79: - | G79: CIERRE DEFINITIVO | H79: TNM | J79: 0 | L79: LA FLORIDA | M79: METROPOLITANA | O79: 50ODG | P79: 12HRS | Q79: NO | S79: 0 | T79: NO | U79: NO | AD79: =SUMPRODUCT($W$6:$AC$6,W79:AC79) -> 0 | AE79: =VLOOKUP(C79,#REF!,1,0) -> #REF!
C80: 50OEB | D80: OKM EL BOSQUE | E80: OKM EL BOSQUE | F80: - | G80: CIERRE DEFINITIVO | H80: TMCB OKM | J80: BARRIOS BAPTISTA JUAN JOSE | L80: LAS CONDES | M80: METROPOLITANA | O80: 50OEB | P80: 12HRS | Q80: NO | S80: 0 | T80: NO | U80: NO | AD80: =SUMPRODUCT($W$6:$AC$6,W80:AC80) -> 0 | AE80: =VLOOKUP(C80,#REF!,1,0) -> #REF!
C81: 50OEN | D81: OKM ENCOMENDEROS | E81: OKM ENCOMENDEROS | F81: - | G81: CIERRE DEFINITIVO | H81: TMCB OKM | J81: RUIZ FERRER VANNA | L81: LAS CONDES | M81: METROPOLITANA | O81: 50OEN | P81: 12HRS | Q81: NO | S81: 0 | T81: NO | U81: NO | AD81: =SUMPRODUCT($W$6:$AC$6,W81:AC81) -> 0 | AE81: =VLOOKUP(C81,#REF!,1,0) -> #REF!
C82: 50OEX | D82: EXEQUIEL FERNANDEZ 2 | E82: OKM EXEQUIEL FERNANDEZ | F82: - | G82: CIERRE DEFINITIVO | H82: TMCB OKM | J82: 0 | L82: ÑUÑOA | M82: METROPOLITANA | O82: 50OEX | P82: 12HRS | Q82: NO | S82: 0 | T82: NO | U82: NO | AD82: =SUMPRODUCT($W$6:$AC$6,W82:AC82) -> 0 | AE82: =VLOOKUP(C82,#REF!,1,0) -> #REF!
C83: 50OFG | D83: OKM FRANCISCO NOGUERA | E83: OKM FRANCISCO NOGUERA | F83: - | G83: CIERRE DEFINITIVO | H83: TMCB OKM | J83: 0 | L83: PROVIDENCIA | M83: METROPOLITANA | O83: 50OFG | P83: 12HRS | Q83: NO | S83: 0 | T83: NO | U83: NO | AD83: =SUMPRODUCT($W$6:$AC$6,W83:AC83) -> 0 | AE83: =VLOOKUP(C83,#REF!,1,0) -> #REF!
C84: 50OIS | D84: OKM ISABEL LA CATOLICA | E84: OKM ISABEL LA CATOLICA | F84: - | G84: CIERRE DEFINITIVO | H84: TMCB OKM | J84: 0 | L84: LAS CONDES | M84: METROPOLITANA | O84: 50OIS | P84: 12HRS | Q84: NO | S84: 0 | T84: NO | U84: NO | AD84: =SUMPRODUCT($W$6:$AC$6,W84:AC84) -> 0 | AE84: =VLOOKUP(C84,#REF!,1,0) -> #REF!
C85: 50OLL | D85: LAS LILAS | E85: OKM LAS LILAS | F85: - | G85: CIERRE DEFINITIVO | H85: TMCB OKM | J85: RODRIGUEZ ABREU ROSA | L85: PROVIDENCIA | M85: METROPOLITANA | O85: 50OLL | P85: 12HRS | Q85: NO | S85: 0 | T85: NO | U85: NO | AD85: =SUMPRODUCT($W$6:$AC$6,W85:AC85) -> 0 | AE85: =VLOOKUP(C85,#REF!,1,0) -> #REF!
C86: 50OLM | D86: ESCUELA MILITAR 1 | E86: OKM ESCUELA MILITAR | F86: - | G86: CIERRE DEFINITIVO | H86: TMCB OKM | J86: LOPEZ CALDERON LUIS GERARDO | L86: LAS CONDES | M86: METROPOLITANA | O86: 50OLM | P86: 12HRS | Q86: NO | S86: 0 | T86: NO | U86: NO | AD86: =SUMPRODUCT($W$6:$AC$6,W86:AC86) -> 0 | AE86: =VLOOKUP(C86,#REF!,1,0) -> #REF!
C87: 50OMD | D87: MIDDLETON | E87: MIDDLETON | F87: - | G87: CIERRE DEFINITIVO | H87: TMCB OKM | J87: 0 | L87: PROVIDENCIA | M87: METROPOLITANA | O87: 50OMD | P87: 12HRS | Q87: NO | S87: 0 | T87: NO | U87: NO | AD87: =SUMPRODUCT($W$6:$AC$6,W87:AC87) -> 0 | AE87: =VLOOKUP(C87,#REF!,1,0) -> #REF!
C88: 50OMH | D88: MARCHANT PEREIRA 2 | E88: OKM MARCHANT PEREIRA | F88: - | G88: CIERRE DEFINITIVO | H88: TMCB OKM | J88: 0 | L88: PROVIDENCIA | M88: METROPOLITANA | O88: 50OMH | P88: 12HRS | Q88: NO | S88: 0 | T88: NO | U88: NO | AD88: =SUMPRODUCT($W$6:$AC$6,W88:AC88) -> 0 | AE88: =VLOOKUP(C88,#REF!,1,0) -> #REF!
C89: 50OMI | D89: OKM MIRAFLORES | E89: OKM MIRAFLORES | F89: - | G89: CIERRE DEFINITIVO | H89: TMCB OKM | J89: BENITEZ QUILODRAN HUGO | L89: SANTIAGO | M89: METROPOLITANA | O89: 50OMI | P89: 12HRS | Q89: NO | S89: 0 | T89: NO | U89: NO | AD89: =SUMPRODUCT($W$6:$AC$6,W89:AC89) -> 0 | AE89: =VLOOKUP(C89,#REF!,1,0) -> #REF!
C90: 50OMM | D90: MAYOR ABE | E90: OKM MAYOR ABE | F90: - | G90: CIERRE DEFINITIVO | H90: TMCB OKM | J90: PINERUA JAIMES JESUS | L90: MACUL | M90: METROPOLITANA | O90: 50OMM | P90: 12HRS | Q90: NO | S90: 0 | T90: NO | U90: NO | AD90: =SUMPRODUCT($W$6:$AC$6,W90:AC90) -> 0 | AE90: =VLOOKUP(C90,#REF!,1,0) -> #REF!
C91: 50OMT | D91: MAITENCILLO | E91: OKM MAITENCILLO | F91: - | G91: CIERRE DEFINITIVO | H91: TMCB OKM | J91: ESCOBAR VALDES VALESKA SOLEDAD | L91: VALPARAÍSO | M91: VALPARAISO | O91: 50OMT | P91: 12HRS | Q91: NO | S91: 0 | T91: NO | U91: NO | AD91: =SUMPRODUCT($W$6:$AC$6,W91:AC91) -> 0 | AE91: =VLOOKUP(C91,#REF!,1,0) -> #REF!
C92: 50OPV | D92: OKM PEDRO DE VALDIVIA | E92: OKM PEDRO DE VALDIVIA | F92: - | G92: CIERRE DEFINITIVO | H92: TMCB OKM | J92: ARAYA BURGOS ARIEL | L92: ÑUÑOA | M92: METROPOLITANA | O92: 50OPV | P92: 12HRS | Q92: NO | S92: 0 | T92: NO | U92: NO | AD92: =SUMPRODUCT($W$6:$AC$6,W92:AC92) -> 0 | AE92: =VLOOKUP(C92,#REF!,1,0) -> #REF!
C93: 50ORE | D93: CAMINO REAL | E93: CAMINO REAL CL | F93: - | G93: CIERRE DEFINITIVO | H93: TMCB OKM | J93: 0 | L93: VALPARAÍSO | M93: VALPARAISO | O93: 50ORE | P93: 12HRS | Q93: NO | S93: 0 | T93: NO | U93: NO | AD93: =SUMPRODUCT($W$6:$AC$6,W93:AC93) -> 0 | AE93: =VLOOKUP(C93,#REF!,1,0) -> #REF!
C94: 50ORY | D94: OKM LYON | E94: LYON CL | F94: - | G94: CIERRE DEFINITIVO | H94: TMCB OKM | J94: 0 | L94: PROVIDENCIA | M94: METROPOLITANA | O94: 50ORY | P94: 12HRS | Q94: NO | S94: 0 | T94: NO | U94: NO | AD94: =SUMPRODUCT($W$6:$AC$6,W94:AC94) -> 0 | AE94: =VLOOKUP(C94,#REF!,1,0) -> #REF!
C95: 50OSF | D95: OKM STRIP SAN FRANCISCO | E95: SAN FRANCISO/STA ISABEL | F95: - | G95: CIERRE DEFINITIVO | H95: TMCB OKM | J95: 0 | L95: SANTIAGO | M95: METROPOLITANA | O95: 50OSF | P95: 12HRS | Q95: NO | S95: 0 | T95: NO | U95: NO | AD95: =SUMPRODUCT($W$6:$AC$6,W95:AC95) -> 0 | AE95: =VLOOKUP(C95,#REF!,1,0) -> #REF!
C96: 50OSI | D96: OKM SANTA ISABEL | E96: OKM SANTA ISABEL | F96: - | G96: CIERRE DEFINITIVO | H96: TMCB OKM | J96: RUIZ FERRER VANNA | L96: PROVIDENCIA | M96: METROPOLITANA | O96: 50OSI | P96: 12HRS | Q96: NO | S96: 0 | T96: NO | U96: NO | AD96: =SUMPRODUCT($W$6:$AC$6,W96:AC96) -> 0 | AE96: =VLOOKUP(C96,#REF!,1,0) -> #REF!
C97: 50OSO | D97: OKM STRIP OSSA | E97: OKM STRIP OSSA | F97: - | G97: CIERRE DEFINITIVO | H97: TMCB OKM | J97: PINERUA JAIMES JESUS | L97: ÑUÑOA | M97: METROPOLITANA | O97: 50OSO | P97: 12HRS | Q97: NO | S97: 0 | T97: NO | U97: NO | AD97: =SUMPRODUCT($W$6:$AC$6,W97:AC97) -> 0 | AE97: =VLOOKUP(C97,#REF!,1,0) -> #REF!
C98: 50OSU | D98: SUCRE | E98: OKM SUCRE | F98: - | G98: CIERRE DEFINITIVO | H98: TMCB OKM | J98: RUIZ FERRER VANNA | L98: ÑUÑOA | M98: METROPOLITANA | O98: 50OSU | P98: 12HRS | Q98: NO | S98: 0 | T98: NO | U98: NO | AD98: =SUMPRODUCT($W$6:$AC$6,W98:AC98) -> 0 | AE98: =VLOOKUP(C98,#REF!,1,0) -> #REF!
C99: 50OTE | D99: TEATINOS | E99: OKM TEATINOS | F99: - | G99: CIERRE DEFINITIVO | H99: TMCB OKM | J99: LOPEZ CALDERON LUIS GERARDO | L99: SANTIAGO | M99: METROPOLITANA | O99: 50OTE | P99: 12HRS | Q99: NO | S99: 0 | T99: NO | U99: NO | AD99: =SUMPRODUCT($W$6:$AC$6,W99:AC99) -> 0 | AE99: =VLOOKUP(C99,#REF!,1,0) -> #REF!
C100: 50OVM | D100: VICUNA MACKENNA | E100: OKM VICUÑA MACKENNA | F100: - | G100: CIERRE DEFINITIVO | H100: TMCB OKM | J100: ARAYA BURGOS ARIEL | L100: LA FLORIDA | M100: METROPOLITANA | O100: 50OVM | P100: 12HRS | Q100: NO | S100: 0 | T100: NO | U100: NO | AD100: =SUMPRODUCT($W$6:$AC$6,W100:AC100) -> 0 | AE100: =VLOOKUP(C100,#REF!,1,0) -> #REF!
C101: 50P7X | D101: PEDRO DE VALDIVIA 6 | E101: PEDRO DE VALDIVIA 6 | F101: - | G101: CIERRE DEFINITIVO | H101: TNM | J101: ARAYA BURGOS ARIEL | L101: PROVIDENCIA | M101: METROPOLITANA | O101: 50P7X | P101: 12HRS | Q101: NO | S101: 0 | T101: NO | U101: NO | AD101: =SUMPRODUCT($W$6:$AC$6,W101:AC101) -> 0 | AE101: =VLOOKUP(C101,#REF!,1,0) -> #REF!
C102: 50PCH | D102: PLAZA DE ASIS | E102: PLAZA DE ASIS | F102: - | G102: CIERRE DEFINITIVO | H102: TMCB | J102: 0 | L102: LAS CONDES | M102: METROPOLITANA | O102: 50PCH | P102: 12HRS | Q102: NO | S102: 0 | T102: NO | U102: NO | AD102: =SUMPRODUCT($W$6:$AC$6,W102:AC102) -> 0 | AE102: =VLOOKUP(C102,#REF!,1,0) -> #REF!
C103: 50PCL | D103: CONDELL 1 | E103: CONDELL 1 | F103: - | G103: CIERRE DEFINITIVO | H103: TMCB | J103: 0 | L103: VALPARAÍSO | M103: VALPARAISO | O103: 50PCL | P103: 12HRS | Q103: NO | S103: 0 | T103: NO | U103: NO | AD103: =SUMPRODUCT($W$6:$AC$6,W103:AC103) -> 0 | AE103: =VLOOKUP(C103,#REF!,1,0) -> #REF!
C104: 50PDV | D104: PEDRO DE VALDIVIA 4 | E104: P. DE VALDIVIA 4 CLP | F104: - | G104: CIERRE DEFINITIVO | H104: TNM | J104: MENDOZA GIL BREYNER JOSE | L104: ÑUÑOA | M104: METROPOLITANA | O104: 50PDV | P104: 12HRS | Q104: NO | S104: 0 | T104: NO | U104: NO | AD104: =SUMPRODUCT($W$6:$AC$6,W104:AC104) -> 0 | AE104: =VLOOKUP(C104,#REF!,1,0) -> #REF!
C105: 50PJ0 | D105: MONUMENTO CHACABUCO | E105: MONUMENTO CHACABUCO | F105: - | G105: CIERRE DEFINITIVO | H105: TNM | J105: 0 | L105: MAIPÚ | M105: METROPOLITANA | O105: 50PJ0 | P105: 12HRS | Q105: NO | S105: 0 | T105: NO | U105: NO | AD105: =SUMPRODUCT($W$6:$AC$6,W105:AC105) -> 0 | AE105: =VLOOKUP(C105,#REF!,1,0) -> #REF!
...

Sheet FEB_26
D1: 1 | E1: lider | F1: 1 | G1: =F1*D1 -> 1
D2: 1 | E2: jefe sala | F2: 1 | G2: =F2*D2 -> 1
D3: 4 | E3: pt 25 | F3: 0.56 | G3: =F3*D3 -> 2.24
D4: 4 | E4: pt 15 | F4: 0.34 | G4: =F4*D4 -> 1.36
G5: =SUM(G1:G4) -> 5.6
C6: 1 | D6: =C6+1 -> 2 | E6: =D6+1 -> 3 | F6: =E6+1 -> 4 | G6: 5 | H6: =G6+1 -> 6 | I6: =H6+1 -> 7 | J6: =I6+1 -> 8 | K6: =J6+1 -> 9 | L6: =K6+1 -> 10 | M6: =L6+1 -> 11 | N6: =M6+1 -> 12 | O6: =N6+1 -> 13 | ... T6: =S6+1 -> 18 | U6: 20 | W6: 1 | X6: 1 | Y6: 1 | Z6: =30/44 -> 0.68181818 | AA6: =25/44 -> 0.56818182 | AB6: =20/44 -> 0.45454545 | AC6: =15/44 -> 0.34090909
C7: CECO | D7: NOMBRE MAESTRA | E7: GEO | F7: FTE AUT | G7: ESTADO RH | H7: GENERACION | I7: JEFE OPERACIONES | J7: ASESOR TIENDA | K7: TIENDA ESTIVAL | L7: COMUNA | M7: REGION | N7: RECLUTADOR | O7: CECO | P7: JORNADA OPERACIÓN | Q7: PLAN RESCATE | R7: OBJETIVO VENTA | S7: MACROZONA | T7: TIENDA BATTING | U7: ONE TIME | V7: OBSERVACION | W7: LIDER | X7: JEFE DE SALA | Y7: CAJERO | Z7: CAJERO PT 30 | AA7: PT25 | AB7: CAJERP PT 20 | AC7: PT15
C8: 50GBU | D8: FRANCISCO DE AGUIRRE | E8: FRANCISCO DE AGUIRRE | F8: 11.68 | G8: Abierta | H8: TMCB | I8: CLAUDIO MONTES | J8: MENDOZA GIL BREYNER JOSE | K8: NO | L8: VITACURA | M8: METROPOLITANA | N8: PALOMARES MAIKEL | O8: 50GBU | P8: 24HRS | Q8: NO | S8: VITACURA - NORTE | T8: NO | U8: NO | W8: 1 | X8: 2 | Y8: 8 | Z8: 1 | AD8: =SUMPRODUCT($W$6:$AC$6,W8:AC8) -> 11.681818
C9: 50JMU | D9: LYON 1 | E9: LYON 1 | F9: 12 | G9: Abierta | H9: TMCB | I9: CLAUDIO MONTES | J9: BARRIOS BAPTISTA JUAN JOSE | K9: NO | L9: PROVIDENCIA | M9: METROPOLITANA | N9: NAVARRO CAREAGA JOSE | O9: 50JMU | P9: 24HRS | Q9: NO | S9: PROVIDENCIA | T9: NO | U9: NO | W9: 1 | X9: 2 | Y9: 9 | AD9: =SUMPRODUCT($W$6:$AC$6,W9:AC9) -> 12
C10: 50OSP | D10: SAN PASCUAL | E10: OKM SAN PASCUAL | F10: 11.68 | G10: Abierta | H10: TMCB | I10: CLAUDIO MONTES | J10: GAMERRE URZUA CECILIA | K10: NO | L10: LAS CONDES | M10: METROPOLITANA | N10: PALOMARES MAIKEL | O10: 50OSP | P10: 24HRS | Q10: NO | S10: EJE APOQUINDO | T10: NO | U10: NO | W10: 1 | X10: 2 | Y10: 8 | Z10: 1 | AD10: =SUMPRODUCT($W$6:$AC$6,W10:AC10) -> 11.681818
C11: 50OLI | D11: LIBERTAD 2 | E11: OKM VIÑA DEL MAR | F11: 10 | G11: Abierta | H11: TMCB | I11: ANTONIA MACCHIAVELLO | J11: ESCOBAR VALDES VALESKA SOLEDAD | K11: SI | L11: VIÑA DEL MAR | M11: VALPARAISO | N11: NAVARRO CAREAGA JOSE | O11: 50OLI | P11: 24HRS | Q11: NO | S11: REGIONES - COSTA NORTE | T11: NO | U11: NO | W11: 1 | X11: 2 | Y11: 7 | AD11: =SUMPRODUCT($W$6:$AC$6,W11:AC11) -> 10
C12: 50RBP | D12: LIMACHE VIANA | E12: LIMACHE VIANA | F12: 9 | G12: Abierta | H12: TMCB | I12: ANTONIA MACCHIAVELLO | J12: ESCOBAR VALDES VALESKA SOLEDAD | K12: SI | L12: VIÑA DEL MAR | M12: VALPARAISO | N12: NAVARRO CAREAGA JOSE | O12: 50RBP | P12: 24HRS | Q12: NO | S12: REGIONES - COSTA SUR | T12: NO | U12: NO | W12: 1 | X12: 2 | Y12: 6 | AD12: =SUMPRODUCT($W$6:$AC$6,W12:AC12) -> 9
C13: 50JIO | D13: APOQUINDO 7 | E13: APOQUINDO 7 | F13: 8.45 | G13: Abierta | H13: TMCB | I13: CLAUDIO MONTES | J13: GAMERRE URZUA CECILIA | K13: NO | L13: LAS CONDES | M13: METROPOLITANA | N13: PALOMARES MAIKEL | O13: 50JIO | P13: 24HRS | Q13: NO | S13: EJE APOQUINDO | T13: NO | U13: NO | W13: 1 | X13: 2 | Y13: 5 | AB13: 1 | AD13: =SUMPRODUCT($W$6:$AC$6,W13:AC13) -> 8.4545455
C14: 50OMQ | D14: MANQUEHUE | E14: OKM MANQUEHUE SUR | F14: 10.58 | G14: Abierta | H14: TMCB | I14: CLAUDIO MONTES | J14: BENITEZ QUILODRAN HUGO | K14: NO | L14: LAS CONDES | M14: METROPOLITANA | N14: GOMEZ FLORES JAVIERA | O14: 50OMQ | P14: 24HRS | Q14: NO | S14: LAS CONDES - PROVIDENCIA SUR | T14: NO | U14: NO | W14: 1 | X14: 2 | Y14: 7 | AA14: 1 | AD14: =SUMPRODUCT($W$6:$AC$6,W14:AC14) -> 10.568182
C15: 50OMS | D15: MANUEL DE LA LASTRA | E15: OKM MANUEL DE LA LASTRA | F15: 10.24 | G15: Abierta | H15: TMCB | I15: CLAUDIO MONTES | J15: BENITEZ QUILODRAN HUGO | K15: NO | L15: LA REINA | M15: METROPOLITANA | N15: GOMEZ FLORES JAVIERA | O15: 50OMS | P15: 24HRS | Q15: NO | S15: LAS CONDES - PROVIDENCIA SUR | T15: NO | U15: NO | W15: 1 | X15: 2 | Y15: 6 | Z15: 1 | AA15: 1 | AD15: =SUMPRODUCT($W$6:$AC$6,W15:AC15) -> 10.25
C16: 506J4 | D16: PORTUGAL | E16: PORTUGAL | F16: 8.68 | G16: Abierta | H16: TNM | I16: ANTONIA MACCHIAVELLO | J16: LIAZ MONTERO GABRIEL | K16: NO | L16: SANTIAGO | M16: METROPOLITANA | N16: NAVARRO CAREAGA JOSE | O16: 506J4 | P16: 24HRS | Q16: NO | S16: SANTIAGO CENTRO | T16: NO | U16: NO | W16: 1 | X16: 2 | Y16: 5 | Z16: 1 | AD16: =SUMPRODUCT($W$6:$AC$6,W16:AC16) -> 8.6818182
C17: 50OEY | D17: ELIODORO YANEZ 2 | E17: ELIODORO YAÑEZ 2 | F17: 8.9 | G17: Abierta | H17: TMCB | I17: CLAUDIO MONTES | J17: LOPEZ MEZA LUIS JOSÉ | K17: NO | L17: PROVIDENCIA | M17: METROPOLITANA | N17: PALOMARES MAIKEL | O17: 50OEY | P17: 24HRS | Q17: NO | S17: EJE PROVIDENCIA | T17: NO | U17: NO | W17: 1 | X17: 2 | Y17: 5 | AB17: 2 | AD17: =SUMPRODUCT($W$6:$AC$6,W17:AC17) -> 8.9090909
C18: 50RNT | D18: ROSARIO NORTE | E18: ROSARIO NORTE | F18: 8 | G18: Abierta | H18: TMCB | I18: CLAUDIO MONTES | J18: GAMERRE URZUA CECILIA | K18: NO | L18: LAS CONDES | M18: METROPOLITANA | N18: PALOMARES MAIKEL | O18: 50RNT | P18: 12HRS | Q18: NO | S18: EJE APOQUINDO | T18: NO | U18: NO | W18: 1 | X18: 1 | Y18: 6 | AD18: =SUMPRODUCT($W$6:$AC$6,W18:AC18) -> 8
C19: 506RS | D19: METRO LA CISTERNA | E19: METRO LA CISTERNA | F19: 5 | G19: Abierta | H19: TNM | I19: ANTONIA MACCHIAVELLO | J19: RODRIGUEZ ABREU ROSA | K19: NO | L19: LA CISTERNA | M19: METROPOLITANA | N19: QUINTANA VICUÑA SANTIAGO | O19: 506RS | P19: 12HRS | Q19: NO | S19: METRO | T19: SI | U19: NO | W19: 1 | X19: 1 | Y19: 3 | AD19: =SUMPRODUCT($W$6:$AC$6,W19:AC19) -> 5
C20: 50FF5 | D20: METRO GRUTA LOURDES | E20: Metro Gruta de Lourdes | F20: 5 | G20: Abierta | H20: TNM | I20: ANTONIA MACCHIAVELLO | J20: RODRIGUEZ ABREU ROSA | K20: NO | L20: QUINTA NORMAL | M20: METROPOLITANA | N20: QUINTANA VICUÑA SANTIAGO | O20: 50FF5 | P20: 12HRS | Q20: NO | S20: METRO | T20: SI | U20: NO | W20: 1 | X20: 1 | Y20: 3 | AD20: =SUMPRODUCT($W$6:$AC$6,W20:AC20) -> 5
C21: 50KJP | D21: METRO HOSPITAL EL PINO | E21: METRO HOSPITAL PINO | F21: 5 | G21: Abierta | H21: TNM | I21: ANTONIA MACCHIAVELLO | J21: RODRIGUEZ ABREU ROSA | K21: NO | L21: SAN BERNARDO | M21: METROPOLITANA | N21: QUINTANA VICUÑA SANTIAGO | O21: 50KJP | P21: 12HRS | Q21: NO | S21: METRO | T21: SI | U21: NO | W21: 1 | X21: 1 | Y21: 3 | AD21: =SUMPRODUCT($W$6:$AC$6,W21:AC21) -> 5
C22: 50OPI | D22: PLAZA ITALIA | E22: OKM PLAZA ITALIA | F22: 8.45 | G22: Abierta | H22: TMCB | I22: CLAUDIO MONTES | J22: LOPEZ MEZA LUIS JOSÉ | K22: NO | L22: PROVIDENCIA | M22: METROPOLITANA | N22: PALOMARES MAIKEL | O22: 50OPI | P22: 12HRS | Q22: NO | S22: EJE PROVIDENCIA | T22: NO | U22: NO | W22: 1 | X22: 1 | Y22: 6 | AB22: 1 | AD22: =SUMPRODUCT($W$6:$AC$6,W22:AC22) -> 8.4545455
C23: 50KOA | D23: LUIS PASTEUR | E23: LUIS PASTEUR | F23: 8 | G23: Abierta | H23: TMCB | I23: CLAUDIO MONTES | J23: MENDOZA GIL BREYNER JOSE | K23: NO | L23: VITACURA | M23: METROPOLITANA | N23: PALOMARES MAIKEL | O23: 50KOA | P23: 24HRS | Q23: NO | S23: VITACURA - NORTE | T23: NO | U23: NO | W23: 1 | X23: 2 | Y23: 5 | AD23: =SUMPRODUCT($W$6:$AC$6,W23:AC23) -> 8
C24: 50HCL | D24: ALCANTARA 2 | E24: ALCANTARA 2 | F24: 7 | G24: Abierta | H24: TMCB | I24: CLAUDIO MONTES | J24: GAMERRE URZUA CECILIA | K24: NO | L24: LAS CONDES | M24: METROPOLITANA | N24: PALOMARES MAIKEL | O24: 50HCL | P24: 12HRS | Q24: NO | S24: EJE APOQUINDO | T24: NO | U24: NO | W24: 1 | X24: 1 | Y24: 5 | AD24: =SUMPRODUCT($W$6:$AC$6,W24:AC24) -> 7
C25: 50OAM | D25: OKM MALL ARAUCO MAIPU | E25: OKM MALL ARAUCO MAIPU | F25: 5.79 | G25: Abierta | H25: TMCB | I25: ANTONIA MACCHIAVELLO | J25: PINERUA JAIMES JESUS | K25: NO | L25: MAIPÚ | M25: METROPOLITANA | N25: GOMEZ FLORES JAVIERA | O25: 50OAM | P25: 12HRS | Q25: NO | S25: SANTIAGO SURPONIENTE | T25: NO | U25: NO | W25: 1 | X25: 2 | Y25: 2 | AB25: 1 | AC25: 1 | AD25: =SUMPRODUCT($W$6:$AC$6,W25:AC25) -> 5.7954545
C26: 50OJJ | D26: BADAJOZ | E26: BADAJOZ CLP | F26: 6.68 | G26: Abierta | H26: TMCB | I26: CLAUDIO MONTES | J26: GAMERRE URZUA CECILIA | K26: NO | L26: LAS CONDES | M26: METROPOLITANA | N26: PALOMARES MAIKEL | O26: 50OJJ | P26: 12HRS | Q26: NO | S26: EJE APOQUINDO | T26: NO | U26: NO | W26: 1 | X26: 1 | Y26: 4 | Z26: 1 | AD26: =SUMPRODUCT($W$6:$AC$6,W26:AC26) -> 6.6818182
C27: 50VKK | D27: ALCANTARA 1 | E27: ALCANTARA 1 | F27: 7.68 | G27: Abierta | H27: TMCB | I27: CLAUDIO MONTES | J27: BENITEZ QUILODRAN HUGO | K27: NO | L27: LAS CONDES | M27: METROPOLITANA | N27: GOMEZ FLORES JAVIERA | O27: 50VKK | P27: 12HRS | Q27: NO | S27: LAS CONDES - PROVIDENCIA SUR | T27: NO | U27: NO | W27: 1 | X27: 1 | Y27: 5 | Z27: 1 | AD27: =SUMPRODUCT($W$6:$AC$6,W27:AC27) -> 7.6818182
C28: 50OMC | D28: MACUL | E28: OKM MACUL | F28: 10.36 | G28: Abierta | H28: TMCB | I28: ANTONIA MACCHIAVELLO | J28: PINERUA JAIMES JESUS | K28: NO | L28: MACUL | M28: METROPOLITANA | N28: GOMEZ FLORES JAVIERA | O28: 50OMC | P28: 24HRS | Q28: NO | S28: SANTIAGO SURPONIENTE | T28: NO | U28: NO | W28: 1 | X28: 2 | Y28: 6 | Z28: 2 | AD28: =SUMPRODUCT($W$6:$AC$6,W28:AC28) -> 10.363636
C29: 50NRA | D29: APOQUINDO 2 | E29: APOQUINDO 2 | F29: 7 | G29: Abierta | H29: TMCB | I29: CLAUDIO MONTES | J29: GAMERRE URZUA CECILIA | K29: NO | L29: LAS CONDES | M29: METROPOLITANA | N29: PALOMARES MAIKEL | O29: 50NRA | P29: 12HRS | Q29: NO | S29: EJE APOQUINDO | T29: NO | U29: NO | W29: 1 | X29: 1 | Y29: 5 | AD29: =SUMPRODUCT($W$6:$AC$6,W29:AC29) -> 7
C30: 50EDF | D30: EJERCITO ALAMEDA | E30: EJERCITO ALAMEDA | F30: 7 | G30: Abierta | H30: TMCB | I30: ANTONIA MACCHIAVELLO | J30: LIAZ MONTERO GABRIEL | K30: SI | L30: SANTIAGO | M30: METROPOLITANA | N30: NAVARRO CAREAGA JOSE | O30: 50EDF | P30: 12HRS | Q30: NO | S30: SANTIAGO CENTRO | T30: NO | U30: NO | W30: 1 | X30: 1 | Y30: 5 | AD30: =SUMPRODUCT($W$6:$AC$6,W30:AC30) -> 7
C31: 50OLS | D31: LUIS CARRERA | E31: LUIS CARRERA | F31: 7 | G31: Abierta | H31: TMCB | I31: CLAUDIO MONTES | J31: MENDOZA GIL BREYNER JOSE | K31: NO | L31: VITACURA | M31: METROPOLITANA | N31: PALOMARES MAIKEL | O31: 50OLS | P31: 12HRS | Q31: NO | S31: VITACURA - NORTE | T31: NO | U31: NO | W31: 1 | X31: 1 | Y31: 5 | AD31: =SUMPRODUCT($W$6:$AC$6,W31:AC31) -> 7
C32: 50UMT | D32: LYON 3 | E32: LYON 3 | F32: 7 | G32: Abierta | H32: TMCB | I32: CLAUDIO MONTES | J32: BARRIOS BAPTISTA JUAN JOSE | K32: NO | L32: PROVIDENCIA | M32: METROPOLITANA | N32: NAVARRO CAREAGA JOSE | O32: 50UMT | P32: 12HRS | Q32: NO | S32: PROVIDENCIA | T32: NO | U32: NO | W32: 1 | X32: 1 | Y32: 5 | AD32: =SUMPRODUCT($W$6:$AC$6,W32:AC32) -> 7
C33: 50ONC | D33: NATANIEL COX 2 | E33: NATANIEL COX 2 | F33: 7 | G33: Abierta | H33: TMCB | I33: ANTONIA MACCHIAVELLO | J33: LIAZ MONTERO GABRIEL | K33: NO | L33: SANTIAGO | M33: METROPOLITANA | N33: NAVARRO CAREAGA JOSE | O33: 50ONC | P33: 12HRS | Q33: NO | S33: SANTIAGO CENTRO | T33: NO | U33: NO | W33: 1 | X33: 1 | Y33: 5 | AD33: =SUMPRODUCT($W$6:$AC$6,W33:AC33) -> 7
C34: 50OAL | D34: ALAMEDA 1 | E34: OKM ALAMEDA | F34: 7 | G34: Abierta | H34: TMCB | I34: ANTONIA MACCHIAVELLO | J34: LIAZ MONTERO GABRIEL | K34: NO | L34: SANTIAGO | M34: METROPOLITANA | N34: NAVARRO CAREAGA JOSE | O34: 50OAL | P34: 12HRS | Q34: NO | S34: SANTIAGO CENTRO | T34: NO | U34: ONE TIME | W34: 1 | X34: 2 | Y34: 4 | AD34: =SUMPRODUCT($W$6:$AC$6,W34:AC34) -> 7
C35: 50MAD | D35: METRO BIO BIO | E35: METRO BIOBIO | F35: 5 | G35: Abierta | H35: TMCB | I35: ANTONIA MACCHIAVELLO | J35: RODRIGUEZ ABREU ROSA | K35: NO | L35: SAN MIGUEL | M35: METROPOLITANA | N35: QUINTANA VICUÑA SANTIAGO | O35: 50MAD | P35: 12HRS | Q35: NO | S35: METRO | T35: NO | U35: NO | W35: 1 | X35: 1 | Y35: 3 | AD35: =SUMPRODUCT($W$6:$AC$6,W35:AC35) -> 5
C36: 50ARD | D36: NUNOA | E36: ÑUÑOA | F36: 6 | G36: Abierta | H36: TMCB | I36: ANTONIA MACCHIAVELLO | J36: RUIZ FERRER VANNA | K36: NO | L36: ÑUÑOA | M36: METROPOLITANA | N36: QUINTANA VICUÑA SANTIAGO | O36: 50ARD | P36: 12HRS | Q36: NO | S36: EJE IRARRAZAVAL | T36: NO | U36: NO | W36: 1 | X36: 1 | Y36: 4 | AD36: =SUMPRODUCT($W$6:$AC$6,W36:AC36) -> 6
C37: 50ARE | D37: COLON 1 | E37: COLON 1 | F37: 6 | G37: Abierta | H37: TMCB | I37: CLAUDIO MONTES | J37: BENITEZ QUILODRAN HUGO | K37: NO | L37: LAS CONDES | M37: METROPOLITANA | N37: GOMEZ FLORES JAVIERA | O37: 50ARE | P37: 12HRS | Q37: NO | S37: LAS CONDES - PROVIDENCIA SUR | T37: NO | U37: NO | W37: 1 | X37: 1 | Y37: 4 | AD37: =SUMPRODUCT($W$6:$AC$6,W37:AC37) -> 6
C38: 50CPN | D38: CARLOS PENA | E38: CARLOS PEÑA | F38: 6 | G38: Abierta | H38: TMCB | I38: CLAUDIO MONTES | J38: ARAYA BURGOS ARIEL | K38: NO | L38: LAS CONDES | M38: METROPOLITANA | N38: GOMEZ FLORES JAVIERA | O38: 50CPN | P38: 12HRS | Q38: NO | S38: SANTIAGO ORIENTE | T38: NO | U38: NO | W38: 1 | X38: 1 | Y38: 4 | AD38: =SUMPRODUCT($W$6:$AC$6,W38:AC38) -> 6
C39: 50HSP | D39: HOSPITALES | E39: HOSPITALES | F39: 6 | G39: Abierta | H39: TMCB | I39: ANTONIA MACCHIAVELLO | J39: PINERUA JAIMES JESUS | K39: NO | L39: INDEPENDENCIA | M39: METROPOLITANA | N39: GOMEZ FLORES JAVIERA | O39: 50HSP | P39: 12HRS | Q39: NO | S39: SANTIAGO SURPONIENTE | T39: NO | U39: NO | W39: 1 | X39: 1 | Y39: 4 | AD39: =SUMPRODUCT($W$6:$AC$6,W39:AC39) -> 6
C40: 50NMT | D40: EL GOLF | E40: EL GOLF | F40: 5 | G40: Abierta | H40: TMCB | I40: CLAUDIO MONTES | J40: GAMERRE URZUA CECILIA | K40: NO | L40: LAS CONDES | M40: METROPOLITANA | N40: PALOMARES MAIKEL | O40: 50NMT | P40: 12HRS | Q40: NO | S40: EJE APOQUINDO | T40: NO | U40: NO | W40: 1 | X40: 1 | Y40: 3 | AD40: =SUMPRODUCT($W$6:$AC$6,W40:AC40) -> 5
C41: 50OCH | D41: CACHAGUA | E41: OKM CACHAGUA | F41: 5 | G41: Abierta | H41: TMCB | I41: ANTONIA MACCHIAVELLO | J41: ESCOBAR VALDES VALESKA SOLEDAD | K41: SI | L41: ZAPALLAR | M41: VALPARAISO | N41: NAVARRO CAREAGA JOSE | O41: 50OCH | P41: 12HRS | Q41: NO | S41: REGIONES - COSTA NORTE | T41: NO | U41: NO | W41: 1 | X41: 2 | Y41: 2 | AD41: =SUMPRODUCT($W$6:$AC$6,W41:AC41) -> 5
C42: 50OEM | D42: OKM CIUDAD EMPRESARIAL | E42: OKM CIUDAD EMPRESARIAL | F42: - | G42: CIERRE DEFINITIVO | H42: TMCB OKM | J42: 0 | L42: HUECHURABA | M42: METROPOLITANA | O42: 50OEM | P42: 12HRS | Q42: NO | S42: 0 | T42: NO | U42: NO | AD42: =SUMPRODUCT($W$6:$AC$6,W42:AC42) -> 0
C43: 50OIR | D43: OKM IRARRAZAVAL | E43: OKM IRARRAZAVAL | F43: 6 | G43: CIERRE DEFINITIVO | H43: TMCB | I43: ANTONIA MACCHIAVELLO | J43: RUIZ FERRER VANNA | L43: ÑUÑOA | M43: METROPOLITANA | O43: 50OIR | P43: 12HRS | Q43: NO | S43: EJE IRARRAZAVAL | T43: NO | U43: NO | AD43: =SUMPRODUCT($W$6:$AC$6,W43:AC43) -> 0
C44: 50OPD | D44: PROVIDENCIA - CONDELL | E44: OKM PROVIDENCIA | F44: 5 | G44: Abierta | H44: TMCB | I44: CLAUDIO MONTES | J44: LOPEZ MEZA LUIS JOSÉ | K44: NO | L44: PROVIDENCIA | M44: METROPOLITANA | N44: PALOMARES MAIKEL | O44: 50OPD | P44: 12HRS | Q44: NO | S44: EJE PROVIDENCIA | T44: NO | U44: NO | W44: 1 | X44: 2 | Y44: 2 | AD44: =SUMPRODUCT($W$6:$AC$6,W44:AC44) -> 5
C45: 50OQU | D45: QUINTA | E45: OKM QUINTA | F45: 6 | G45: Abierta | H45: TMCB | I45: ANTONIA MACCHIAVELLO | J45: ESCOBAR VALDES VALESKA SOLEDAD | K45: SI | L45: VIÑA DEL MAR | M45: VALPARAISO | N45: NAVARRO CAREAGA JOSE | O45: 50OQU | P45: 12HRS | Q45: NO | S45: REGIONES - COSTA SUR | T45: NO | U45: NO | W45: 1 | X45: 2 | Y45: 3 | AD45: =SUMPRODUCT($W$6:$AC$6,W45:AC45) -> 6
C46: 50OZA | D46: ZAPALLAR | E46: OKM ZAPALLAR | F46: 5 | G46: Abierta | H46: TMCB | I46: ANTONIA MACCHIAVELLO | J46: ESCOBAR VALDES VALESKA SOLEDAD | K46: SI | L46: ZAPALLAR | M46: VALPARAISO | N46: NAVARRO CAREAGA JOSE | O46: 50OZA | P46: 12HRS | Q46: NO | S46: REGIONES - COSTA NORTE | T46: NO | U46: NO | W46: 1 | X46: 2 | Y46: 2 | AD46: =SUMPRODUCT($W$6:$AC$6,W46:AC46) -> 5
C47: 50SLM | D47: APOQUINDO 4 | E47: APOQUINDO 4 | F47: 6 | G47: Abierta | H47: TMCB | I47: CLAUDIO MONTES | J47: GAMERRE URZUA CECILIA | K47: NO | L47: LAS CONDES | M47: METROPOLITANA | N47: PALOMARES MAIKEL | O47: 50SLM | P47: 12HRS | Q47: NO | S47: EJE APOQUINDO | T47: NO | U47: NO | W47: 1 | X47: 1 | Y47: 4 | AD47: =SUMPRODUCT($W$6:$AC$6,W47:AC47) -> 6
C48: 50VLX | D48: APOQUINDO 1 | E48: APOQUINDO 1 | F48: 6 | G48: Abierta | H48: TMCB | I48: CLAUDIO MONTES | J48: GAMERRE URZUA CECILIA | K48: NO | L48: LAS CONDES | M48: METROPOLITANA | N48: PALOMARES MAIKEL | O48: 50VLX | P48: 12HRS | Q48: NO | S48: EJE APOQUINDO | T48: NO | U48: NO | W48: 1 | X48: 1 | Y48: 4 | AD48: =SUMPRODUCT($W$6:$AC$6,W48:AC48) -> 6
C49: 50VOP | D49: SAN DAMIAN | E49: SAN DAMIAN | F49: 8.34 | G49: Abierta | H49: TMCB | I49: CLAUDIO MONTES | J49: ARAYA BURGOS ARIEL | K49: NO | L49: LAS CONDES | M49: METROPOLITANA | N49: GOMEZ FLORES JAVIERA | O49: 50VOP | P49: 24HRS | Q49: NO | S49: SANTIAGO ORIENTE | T49: NO | U49: NO | W49: 1 | X49: 2 | Y49: 5 | AC49: 1 | AD49: =SUMPRODUCT($W$6:$AC$6,W49:AC49) -> 8.3409091
C50: 5033F | D50: VITACURA RIESCO | E50: VITACURARIESCO | F50: 5.56 | G50: Abierta | H50: TMCB | I50: CLAUDIO MONTES | J50: MENDOZA GIL BREYNER JOSE | K50: NO | L50: LAS CONDES | M50: METROPOLITANA | N50: PALOMARES MAIKEL | O50: 5033F | P50: 12HRS | Q50: NO | S50: VITACURA - NORTE | T50: NO | U50: NO | W50: 1 | X50: 1 | Y50: 3 | AA50: 1 | AD50: =SUMPRODUCT($W$6:$AC$6,W50:AC50) -> 5.5681818
C51: 50BJT | D51: HUECHURABA | E51: HUECHURABA | F51: 10.13 | G51: Abierta | H51: TMCB | I51: CLAUDIO MONTES | J51: MENDOZA GIL BREYNER JOSE | K51: NO | L51: HUECHURABA | M51: METROPOLITANA | N51: PALOMARES MAIKEL | O51: 50BJT | P51: 24HRS | Q51: NO | S51: VITACURA - NORTE | T51: NO | U51: NO | W51: 1 | X51: 2 | Y51: 6 | Z51: 1 | AB51: 1 | AD51: =SUMPRODUCT($W$6:$AC$6,W51:AC51) -> 10.136364
C52: 50BPT | D52: ECUADOR PURISIMA | E52: ECUADOR PURISIMA | F52: - | G52: CIERRE DEFINITIVO | H52: TMCB | J52: 0 | L52: ESTACIÓN CENTRAL | M52: METROPOLITANA | O52: 50BPT | P52: 12HRS | Q52: NO | S52: 0 | T52: NO | U52: NO | AD52: =SUMPRODUCT($W$6:$AC$6,W52:AC52) -> 0
C53: 50BRI | D53: LAS BRISAS | E53: LAS BRISAS | F53: 10 | G53: Abierta | H53: TMCB | I53: CLAUDIO MONTES | J53: MENDOZA GIL BREYNER JOSE | K53: NO | L53: COLINA | M53: METROPOLITANA | N53: PALOMARES MAIKEL | O53: 50BRI | P53: 24HRS | Q53: NO | S53: VITACURA - NORTE | T53: NO | U53: NO | W53: 1 | X53: 2 | Y53: 7 | AD53: =SUMPRODUCT($W$6:$AC$6,W53:AC53) -> 10
C54: 50CLC | D54: CLINICA LAS CONDES | E54: CLINICA LAS CONDES | F54: 6 | G54: Abierta | H54: TMCB | I54: CLAUDIO MONTES | J54: ARAYA BURGOS ARIEL | K54: NO | L54: LAS CONDES | M54: METROPOLITANA | N54: GOMEZ FLORES JAVIERA | O54: 50CLC | P54: 12HRS | Q54: NO | S54: SANTIAGO ORIENTE | T54: NO | U54: NO | W54: 1 | X54: 1 | Y54: 4 | AD54: =SUMPRODUCT($W$6:$AC$6,W54:AC54) -> 6
C55: 50CQD | D55: MARCHANT PEREIRA | E55: MARCHANT PEREIRA | F55: 6 | G55: Abierta | H55: TMCB | I55: CLAUDIO MONTES | J55: LOPEZ MEZA LUIS JOSÉ | K55: NO | L55: PROVIDENCIA | M55: METROPOLITANA | N55: PALOMARES MAIKEL | O55: 50CQD | P55: 12HRS | Q55: NO | S55: EJE PROVIDENCIA | T55: NO | U55: NO | W55: 1 | X55: 1 | Y55: 4 | AD55: =SUMPRODUCT($W$6:$AC$6,W55:AC55) -> 6
C56: 50HEN | D56: HENDAYA | E56: HENDAYA | F56: 5 | G56: Abierta | H56: TMCB | I56: CLAUDIO MONTES | J56: MONTT FUENTES JAIME IGNACIO | K56: NO | L56: LAS CONDES | M56: METROPOLITANA | N56: QUINTANA VICUÑA SANTIAGO | O56: 50HEN | P56: 12HRS | Q56: NO | S56: LAS CONDES NORTE | T56: NO | U56: NO | W56: 1 | X56: 1 | Y56: 3 | AD56: =SUMPRODUCT($W$6:$AC$6,W56:AC56) -> 5
C57: 50HIS | D57: PLAZA SOTOMAYOR VALPARAISO | E57: PLAZA SOTOMAYOR VALPARAISO | F57: 9 | G57: Abierta | H57: TMCB | I57: ANTONIA MACCHIAVELLO | J57: ESCOBAR VALDES VALESKA SOLEDAD | K57: SI | L57: VALPARAÍSO | M57: VALPARAISO | N57: NAVARRO CAREAGA JOSE | O57: 50HIS | P57: 24HRS | Q57: NO | S57: REGIONES - COSTA SUR | T57: NO | U57: NO | W57: 1 | X57: 2 | Y57: 6 | AD57: =SUMPRODUCT($W$6:$AC$6,W57:AC57) -> 9
C58: 50NBN | D58: BILBAO MONTT | E58: BILBAO - MONTT | F58: 5 | G58: Abierta | H58: TMCB | I58: CLAUDIO MONTES | J58: BARRIOS BAPTISTA JUAN JOSE | K58: NO | L58: PROVIDENCIA | M58: METROPOLITANA | N58: NAVARRO CAREAGA JOSE | O58: 50NBN | P58: 12HRS | Q58: NO | S58: PROVIDENCIA | T58: NO | U58: NO | W58: 1 | X58: 1 | Y58: 3 | AD58: =SUMPRODUCT($W$6:$AC$6,W58:AC58) -> 5
C59: 50OCT | D59: NORUEGA | E59: NORUEGA | F59: 6 | G59: Abierta | H59: TMCB | I59: CLAUDIO MONTES | J59: BENITEZ QUILODRAN HUGO | K59: NO | L59: LAS CONDES | M59: METROPOLITANA | N59: GOMEZ FLORES JAVIERA | O59: 50OCT | P59: 12HRS | Q59: NO | S59: LAS CONDES - PROVIDENCIA SUR | T59: NO | U59: NO | W59: 1 | X59: 1 | Y59: 4 | AD59: =SUMPRODUCT($W$6:$AC$6,W59:AC59) -> 6
C60: 50OPH | D60: GUARDIA VIEJA | E60: GUARDIA VIEJA | F60: 7.68 | G60: Abierta | H60: TMCB | I60: CLAUDIO MONTES | J60: LOPEZ MEZA LUIS JOSÉ | K60: NO | L60: PROVIDENCIA | M60: METROPOLITANA | N60: PALOMARES MAIKEL | O60: 50OPH | P60: 24HRS | Q60: NO | S60: EJE PROVIDENCIA | T60: NO | U60: NO | W60: 1 | X60: 2 | Y60: 4 | Z60: 1 | AD60: =SUMPRODUCT($W$6:$AC$6,W60:AC60) -> 7.6818182
C61: 50XUH | D61: MATTE PEREZ | E61: MATTE PEREZ CLP | F61: 6 | G61: Abierta | H61: TMCB | I61: CLAUDIO MONTES | J61: BARRIOS BAPTISTA JUAN JOSE | K61: NO | L61: PROVIDENCIA | M61: METROPOLITANA | N61: NAVARRO CAREAGA JOSE | O61: 50XUH | P61: 12HRS | Q61: NO | S61: PROVIDENCIA | T61: NO | U61: NO | W61: 1 | X61: 1 | Y61: 4 | AD61: =SUMPRODUCT($W$6:$AC$6,W61:AC61) -> 6
C62: 50SEJ | D62: METRO MONEDA | E62: METRO MONEDA | F62: 5 | G62: Abierta | H62: TNM | I62: ANTONIA MACCHIAVELLO | J62: RODRIGUEZ ABREU ROSA | K62: NO | L62: SANTIAGO | M62: METROPOLITANA | N62: QUINTANA VICUÑA SANTIAGO | O62: 50SEJ | P62: 12HRS | Q62: NO | S62: METRO | T62: NO | U62: NO | W62: 1 | X62: 1 | Y62: 3 | AD62: =SUMPRODUCT($W$6:$AC$6,W62:AC62) -> 5
C63: 50EFO | D63: ENRIQUE FOSTER | E63: ENRIQUE FOSTER | F63: 5 | G63: Abierta | H63: TMCB | I63: CLAUDIO MONTES | J63: GAMERRE URZUA CECILIA | K63: NO | L63: LAS CONDES | M63: METROPOLITANA | N63: PALOMARES MAIKEL | O63: 50EFO | P63: 12HRS | Q63: NO | S63: EJE APOQUINDO | T63: NO | U63: NO | W63: 1 | X63: 1 | Y63: 3 | AD63: =SUMPRODUCT($W$6:$AC$6,W63:AC63) -> 5
C64: 50UKP | D64: METRO PLAZA PUENTE ALTO | E64: METRO PLAZA PUENTE ALTO | F64: 5 | G64: Abierta | H64: TNM | I64: ANTONIA MACCHIAVELLO | J64: RODRIGUEZ ABREU ROSA | K64: NO | L64: PUENTE ALTO | M64: METROPOLITANA | N64: QUINTANA VICUÑA SANTIAGO | O64: 50UKP | P64: 12HRS | Q64: NO | S64: METRO | T64: SI | U64: NO | W64: 1 | X64: 1 | Y64: 3 | AD64: =SUMPRODUCT($W$6:$AC$6,W64:AC64) -> 5
C65: 50ONL | D65: NUEVA LAS CONDES 2 | E65: OKM NUEVA LAS CONDES 2 | F65: 6 | G65: Abierta | H65: TMCB | I65: CLAUDIO MONTES | J65: MONTT FUENTES JAIME IGNACIO | K65: NO | L65: LAS CONDES | M65: METROPOLITANA | N65: QUINTANA VICUÑA SANTIAGO | O65: 50ONL | P65: 12HRS | Q65: NO | S65: LAS CONDES NORTE | T65: NO | U65: NO | W65: 1 | X65: 2 | Y65: 3 | AD65: =SUMPRODUCT($W$6:$AC$6,W65:AC65) -> 6
C66: 50ORN | D66: ROSARIO NORTE 2 | E66: OXXO ROSARIO NORTE 2 (Ex OKM) | F66: 6 | G66: Abierta | H66: TMCB | I66: CLAUDIO MONTES | J66: MONTT FUENTES JAIME IGNACIO | K66: NO | L66: LAS CONDES | M66: METROPOLITANA | N66: QUINTANA VICUÑA SANTIAGO | O66: 50ORN | P66: 12HRS | Q66: NO | S66: LAS CONDES NORTE | T66: NO | U66: NO | W66: 1 | X66: 1 | Y66: 4 | AD66: =SUMPRODUCT($W$6:$AC$6,W66:AC66) -> 6
C67: 50Q3X | D67: PATIO BELLAVISTA | E67: PATIO BELLAVISTA | F67: 5 | G67: Abierta | H67: TMCB | I67: CLAUDIO MONTES | J67: LOPEZ MEZA LUIS JOSÉ | K67: NO | L67: PROVIDENCIA | M67: METROPOLITANA | N67: PALOMARES MAIKEL | O67: 50Q3X | P67: 12HRS | Q67: NO | S67: EJE PROVIDENCIA | T67: NO | U67: NO | W67: 1 | X67: 1 | Y67: 3 | AD67: =SUMPRODUCT($W$6:$AC$6,W67:AC67) -> 5
C68: 50UXA | D68: LA PLAZA | E68: LA PLAZA | F68: 5 | G68: Abierta | H68: TMCB | I68: CLAUDIO MONTES | J68: ARAYA BURGOS ARIEL | K68: NO | L68: LAS CONDES | M68: METROPOLITANA | N68: GOMEZ FLORES JAVIERA | O68: 50UXA | P68: 12HRS | Q68: NO | S68: SANTIAGO ORIENTE | T68: NO | U68: NO | W68: 1 | X68: 1 | Y68: 3 | AD68: =SUMPRODUCT($W$6:$AC$6,W68:AC68) -> 5
C69: 50OBN | D69: BROWN NORTE | E69: OKM BROWN NORTE | F69: 5 | G69: Abierta | H69: TMCB | I69: ANTONIA MACCHIAVELLO | J69: RUIZ FERRER VANNA | K69: NO | L69: ÑUÑOA | M69: METROPOLITANA | N69: QUINTANA VICUÑA SANTIAGO | O69: 50OBN | P69: 12HRS | Q69: NO | S69: EJE IRARRAZAVAL | T69: NO | U69: NO | W69: 1 | X69: 2 | Y69: 2 | AD69: =SUMPRODUCT($W$6:$AC$6,W69:AC69) -> 5
C70: 50OCA | D70: CHACABUCO | E70: OKM CHACABUCO | F70: 5.07 | G70: Abierta | H70: TMCB | I70: ANTONIA MACCHIAVELLO | J70: ZAMBRANO JARA CAROLINA GRACIELA | L70: CONCEPCIÓN | M70: BIOBIO | N70: PALOMARES MAIKEL | O70: 50OCA | P70: 12HRS | Q70: NO | S70: REGIONES SUR | T70: NO | U70: NO | W70: 1 | X70: 1 | AA70: 3 | AC70: 4 | AD70: =SUMPRODUCT($W$6:$AC$6,W70:AC70) -> 5.0681818
C71: 50OCO | D71: AV CHICUREO | E71: OKM CHICUREO | F71: 5.6 | G71: Abierta | H71: TMCB | I71: CLAUDIO MONTES | J71: MENDOZA GIL BREYNER JOSE | K71: NO | L71: COLINA | M71: METROPOLITANA | N71: PALOMARES MAIKEL | O71: 50OCO | P71: 12HRS | Q71: NO | S71: VITACURA - NORTE | T71: NO | U71: NO | W71: 1 | X71: 1 | AA71: 4 | AC71: 4 | AD71: =SUMPRODUCT($W$6:$AC$6,W71:AC71) -> 5.6363636
C72: 50OCR | D72: CHESTERTON 2 | E72: OKM CHESTERTON | F72: 7.68 | G72: Abierta | H72: TMCB | I72: CLAUDIO MONTES | J72: BENITEZ QUILODRAN HUGO | K72: NO | L72: LAS CONDES | M72: METROPOLITANA | N72: GOMEZ FLORES JAVIERA | O72: 50OCR | P72: 24HRS | Q72: NO | S72: LAS CONDES - PROVIDENCIA SUR | T72: NO | U72: NO | W72: 1 | X72: 2 | Y72: 4 | Z72: 1 | AD72: =SUMPRODUCT($W$6:$AC$6,W72:AC72) -> 7.6818182
C73: 50ODA | D73: OKM DIEGO DE ALMAGRO | E73: OKM DIEGO DE ALMAGRO | F73: - | G73: CIERRE DEFINITIVO | H73: TMCB OKM | J73: RODRIGUEZ ABREU ROSA | L73: PROVIDENCIA | M73: METROPOLITANA | O73: 50ODA | P73: 12HRS | Q73: NO | S73: 0 | T73: NO | U73: NO | AD73: =SUMPRODUCT($W$6:$AC$6,W73:AC73) -> 0
C74: 50ODP | D74: OKM DIEGO PORTALES | E74: OKM DIEGO PORTALES | F74: - | G74: CIERRE DEFINITIVO | H74: TMCB OKM | J74: 0 | L74: VIÑA DEL MAR | M74: VALPARAISO | O74: 50ODP | P74: 12HRS | Q74: NO | S74: 0 | T74: NO | U74: NO | AD74: =SUMPRODUCT($W$6:$AC$6,W74:AC74) -> 0
C75: 50OEP | D75: ELIECER PARADA | E75: OKM ELIECER PARADA | F75: 6.28 | G75: Abierta | H75: TMCB | I75: CLAUDIO MONTES | J75: BENITEZ QUILODRAN HUGO | K75: NO | L75: ÑUÑOA | M75: METROPOLITANA | N75: GOMEZ FLORES JAVIERA | O75: 50OEP | P75: 12HRS | Q75: NO | S75: LAS CONDES - PROVIDENCIA SUR | T75: NO | U75: NO | W75: 1 | X75: 1 | Z75: 1 | AA75: 4 | AC75: 4 | AD75: =SUMPRODUCT($W$6:$AC$6,W75:AC75) -> 6.3181818
C76: 50OER | D76: EL RODEO | E76: EL RODEO | F76: 6.45 | G76: Abierta | H76: TMCB | I76: CLAUDIO MONTES | J76: ARAYA BURGOS ARIEL | K76: NO | L76: LO BARNECHEA | M76: METROPOLITANA | N76: GOMEZ FLORES JAVIERA | O76: 50OER | P76: 12HRS | Q76: NO | S76: SANTIAGO ORIENTE | T76: NO | U76: NO | W76: 1 | X76: 2 | Y76: 3 | AB76: 1 | AD76: =SUMPRODUCT($W$6:$AC$6,W76:AC76) -> 6.4545455
C77: 50OHM | D77: HERNANDO DE MAGALLANES | E77: OKM HERNANDO DE MAGALLANES | F77: 5.45 | G77: Abierta | H77: TMCB | I77: CLAUDIO MONTES | J77: BENITEZ QUILODRAN HUGO | K77: NO | L77: LAS CONDES | M77: METROPOLITANA | N77: GOMEZ FLORES JAVIERA | O77: 50OHM | P77: 12HRS | Q77: NO | S77: LAS CONDES - PROVIDENCIA SUR | T77: NO | U77: ONE TIME | W77: 1 | X77: 2 | Y77: 2 | AB77: 1 | AD77: =SUMPRODUCT($W$6:$AC$6,W77:AC77) -> 5.4545455
C78: 50OIN | D78: LOS INGLESES | E78: OKM LOS INGLESES | F78: 9.13 | G78: Abierta | H78: TMCB | I78: CLAUDIO MONTES | J78: MENDOZA GIL BREYNER JOSE | K78: NO | L78: COLINA | M78: METROPOLITANA | N78: PALOMARES MAIKEL | O78: 50OIN | P78: 24HRS | Q78: NO | S78: VITACURA - NORTE | T78: NO | U78: NO | W78: 1 | X78: 2 | Y78: 5 | Z78: 1 | AB78: 1 | AD78: =SUMPRODUCT($W$6:$AC$6,W78:AC78) -> 9.1363636
C79: 50OKA | D79: ACACIOS | E79: OKM ACACIOS | F79: 5.07 | G79: Abierta | H79: TMCB | I79: ANTONIA MACCHIAVELLO | J79: ZAMBRANO JARA CAROLINA GRACIELA | K79: NO | L79: SAN PEDRO DE LA PAZ | M79: BIOBIO | N79: PALOMARES MAIKEL | O79: 50OKA | P79: 12HRS | Q79: NO | S79: REGIONES SUR | T79: NO | U79: NO | W79: 1 | X79: 1 | AA79: 3 | AC79: 4 | AD79: =SUMPRODUCT($W$6:$AC$6,W79:AC79) -> 5.0681818
C80: 50OLT | D80: SUECIA | E80: OKM SUECIA | F80: 5.6 | G80: Abierta | H80: TMCB | I80: CLAUDIO MONTES | J80: BARRIOS BAPTISTA JUAN JOSE | K80: NO | L80: PROVIDENCIA | M80: METROPOLITANA | N80: NAVARRO CAREAGA JOSE | O80: 50OLT | P80: 12HRS | Q80: NO | S80: PROVIDENCIA | T80: NO | U80: NO | W80: 1 | X80: 1 | AA80: 4 | AC80: 4 | AD80: =SUMPRODUCT($W$6:$AC$6,W80:AC80) -> 5.6363636
C81: 50OMN | D81: OKM MORANDE | E81: OKM MORANDE | F81: - | G81: CIERRE DEFINITIVO | H81: TMCB OKM | J81: LOPEZ CALDERON LUIS GERARDO | L81: SANTIAGO | M81: METROPOLITANA | O81: 50OMN | P81: 12HRS | Q81: NO | S81: 0 | T81: NO | U81: NO | AD81: =SUMPRODUCT($W$6:$AC$6,W81:AC81) -> 0
C82: 50OMZ | D82: MARTIN DE ZAMORA 2 | E82: OKM MARTIN DE ZAMORA | F82: 5.45 | G82: Abierta | H82: TMCB | I82: CLAUDIO MONTES | J82: BENITEZ QUILODRAN HUGO | K82: NO | L82: LAS CONDES | M82: METROPOLITANA | N82: GOMEZ FLORES JAVIERA | O82: 50OMZ | P82: 12HRS | Q82: NO | S82: LAS CONDES - PROVIDENCIA SUR | T82: NO | U82: NO | W82: 1 | X82: 2 | Y82: 2 | AB82: 1 | AD82: =SUMPRODUCT($W$6:$AC$6,W82:AC82) -> 5.4545455
C83: 50LJM | D83: METRO IRARRAZAVAL | E83: METRO IRARRAZAVAL | F83: 5 | G83: Abierta | H83: TNM | I83: ANTONIA MACCHIAVELLO | J83: RODRIGUEZ ABREU ROSA | K83: NO | L83: ÑUÑOA | M83: METROPOLITANA | N83: QUINTANA VICUÑA SANTIAGO | O83: 50LJM | P83: 12HRS | Q83: NO | S83: METRO | T83: SI | U83: NO | W83: 1 | X83: 1 | Y83: 3 | AD83: =SUMPRODUCT($W$6:$AC$6,W83:AC83) -> 5
C84: 50OQH | D84: QUINCHAMALI | E84: OKM QUINCHAMALI | F84: 5.9 | G84: Abierta | H84: TMCB | I84: CLAUDIO MONTES | J84: ARAYA BURGOS ARIEL | K84: NO | L84: LAS CONDES | M84: METROPOLITANA | N84: GOMEZ FLORES JAVIERA | O84: 50OQH | P84: 12HRS | Q84: NO | S84: SANTIAGO ORIENTE | T84: NO | U84: NO | V84: SE DISMINUYE A PARTIR DE DICIEMBRE UN FULL, QUEDANDO EN 5,9 | W84: 1 | X84: 2 | Y84: 2 | AB84: 2 | AD84: =SUMPRODUCT($W$6:$AC$6,W84:AC84) -> 5.9090909
C85: 50ORC | D85: RECREO I | E85: OKM RECREO 1 | F85: 6.9 | G85: Abierta | H85: TMCB | I85: ANTONIA MACCHIAVELLO | J85: ESCOBAR VALDES VALESKA SOLEDAD | K85: SI | L85: VIÑA DEL MAR | M85: VALPARAISO | N85: NAVARRO CAREAGA JOSE | O85: 50ORC | P85: 12HRS | Q85: NO | S85: REGIONES - COSTA SUR | T85: NO | U85: NO | W85: 1 | X85: 2 | Y85: 3 | AB85: 2 | AD85: =SUMPRODUCT($W$6:$AC$6,W85:AC85) -> 6.9090909
C86: 50ORI | D86: RIESCO 2 | E86: OKM RIESCO | F86: 5.9 | G86: Abierta | H86: TMCB | I86: CLAUDIO MONTES | J86: MONTT FUENTES JAIME IGNACIO | L86: LAS CONDES | M86: METROPOLITANA | N86: QUINTANA VICUÑA SANTIAGO | O86: 50ORI | P86: 12HRS | Q86: NO | S86: LAS CONDES NORTE | T86: NO | U86: NO | W86: 1 | X86: 2 | Y86: 2 | AB86: 2 | AD86: =SUMPRODUCT($W$6:$AC$6,W86:AC86) -> 5.9090909
C87: 50ORM | D87: RENACA 2 | E87: OKM REÑACA 2 | F87: 8 | G87: Abierta | H87: TMCB | I87: ANTONIA MACCHIAVELLO | J87: ESCOBAR VALDES VALESKA SOLEDAD | K87: SI | L87: VIÑA DEL MAR | M87: VALPARAISO | N87: NAVARRO CAREAGA JOSE | O87: 50ORM | P87: 24HRS | Q87: NO | S87: REGIONES - COSTA NORTE | T87: NO | U87: NO | W87: 1 | X87: 2 | Y87: 5 | AD87: =SUMPRODUCT($W$6:$AC$6,W87:AC87) -> 8
C88: 50OSB | D88: SIMON BOLIVAR 2 | E88: OKM SIMÓN BOLIVAR | F88: - | G88: CIERRE DEFINITIVO | H88: TMCB OKM | J88: GAMERRE URZUA CECILIA | L88: ÑUÑOA | M88: METROPOLITANA | O88: 50OSB | P88: 12HRS | Q88: NO | S88: 0 | T88: NO | U88: NO | AD88: =SUMPRODUCT($W$6:$AC$6,W88:AC88) -> 0
C89: 50OSC | D89: SANTA BLANCA | E89: SANTA BLANCA | F89: 7.9 | G89: Abierta | H89: TMCB | I89: CLAUDIO MONTES | J89: ARAYA BURGOS ARIEL | K89: NO | L89: LO BARNECHEA | M89: METROPOLITANA | N89: GOMEZ FLORES JAVIERA | O89: 50OSC | P89: 24HRS | Q89: NO | S89: SANTIAGO ORIENTE | T89: NO | U89: NO | W89: 1 | X89: 2 | Y89: 4 | AB89: 2 | AD89: =SUMPRODUCT($W$6:$AC$6,W89:AC89) -> 7.9090909
C90: 50OST | D90: OKM SUBCENTRO | E90: OKM SUBCENTRO | F90: 5.45 | G90: Abierta | H90: TMCB | I90: ANTONIA MACCHIAVELLO | J90: RODRIGUEZ ABREU ROSA | K90: NO | L90: LAS CONDES | M90: METROPOLITANA | N90: QUINTANA VICUÑA SANTIAGO | O90: 50OST | P90: 12HRS | Q90: NO | S90: METRO | T90: NO | U90: NO | W90: 1 | X90: 2 | Y90: 2 | AB90: 1 | AD90: =SUMPRODUCT($W$6:$AC$6,W90:AC90) -> 5.4545455
C91: 50OTA | D91: TERMINAL ALAMEDA | E91: TERMINAL DE BUSES ALAMEDA | F91: 5 | G91: Abierta | H91: TMCB | I91: ANTONIA MACCHIAVELLO | J91: PINERUA JAIMES JESUS | K91: NO | L91: ESTACIÓN CENTRAL | M91: METROPOLITANA | N91: GOMEZ FLORES JAVIERA | O91: 50OTA | P91: 12HRS | Q91: NO | S91: SANTIAGO SURPONIENTE | T91: NO | U91: NO | W91: 1 | X91: 1 | Y91: 3 | AD91: =SUMPRODUCT($W$6:$AC$6,W91:AC91) -> 5
C92: 50OTO | D92: OKM TOESCA | E92: OKM TOESCA | F92: - | G92: CIERRE DEFINITIVO | H92: TMCB OKM | J92: RIQUELME ESTAY ROBERTO | L92: SANTIAGO | M92: METROPOLITANA | O92: 50OTO | P92: 12HRS | Q92: NO | S92: 0 | T92: NO | U92: NO | AD92: =SUMPRODUCT($W$6:$AC$6,W92:AC92) -> 0
C93: 50OVL | D93: VILLUCO | E93: OKM VILLUCO | F93: 6 | G93: Abierta | H93: TMCB | I93: ANTONIA MACCHIAVELLO | J93: ZAMBRANO JARA CAROLINA GRACIELA | L93: CHIGUAYANTE | M93: BIOBIO | N93: PALOMARES MAIKEL | O93: 50OVL | P93: 12HRS | Q93: NO | S93: REGIONES SUR | T93: NO | U93: NO | W93: 1 | X93: 2 | Y93: 3 | AD93: =SUMPRODUCT($W$6:$AC$6,W93:AC93) -> 6
C94: 50BM6 | D94: JOSEFINA EDWARD | E94: JOSEFINA EDWARDS CLP | F94: 5 | G94: Abierta | H94: TMCB | I94: CLAUDIO MONTES | J94: LOPEZ MEZA LUIS JOSÉ | K94: NO | L94: PROVIDENCIA | M94: METROPOLITANA | N94: PALOMARES MAIKEL | O94: 50BM6 | P94: 12HRS | Q94: NO | S94: EJE PROVIDENCIA | T94: NO | U94: NO | W94: 1 | X94: 1 | Y94: 3 | AD94: =SUMPRODUCT($W$6:$AC$6,W94:AC94) -> 5
C95: 50ORP | D95: REPUBLICA | E95: OKM REPÚBLICA | F95: 7 | G95: Abierta | H95: TMCB | I95: ANTONIA MACCHIAVELLO | J95: LIAZ MONTERO GABRIEL | K95: SI | L95: SANTIAGO | M95: METROPOLITANA | N95: NAVARRO CAREAGA JOSE | O95: 50ORP | P95: 12HRS | Q95: NO | S95: SANTIAGO CENTRO | T95: NO | U95: NO | W95: 1 | X95: 2 | Y95: 4 | AD95: =SUMPRODUCT($W$6:$AC$6,W95:AC95) -> 7
C96: 50ASM | D96: APOQUINDO SANTA MAGDALENA | E96: APOQUINDO SANTA MAGDALENA | F96: 5.45 | G96: Abierta | H96: TMCB | I96: CLAUDIO MONTES | J96: GAMERRE URZUA CECILIA | K96: NO | L96: LAS CONDES | M96: METROPOLITANA | N96: PALOMARES MAIKEL | O96: 50ASM | P96: 12HRS | Q96: NO | S96: EJE APOQUINDO | T96: NO | U96: NO | W96: 1 | X96: 1 | Y96: 3 | AB96: 1 | AD96: =SUMPRODUCT($W$6:$AC$6,W96:AC96) -> 5.4545455
C97: 50CRX | D97: APOQUINDO 6 | E97: APOQUINDO 6 | F97: 5.45 | G97: Abierta | H97: TMCB | I97: CLAUDIO MONTES | J97: GAMERRE URZUA CECILIA | K97: NO | L97: LAS CONDES | M97: METROPOLITANA | N97: PALOMARES MAIKEL | O97: 50CRX | P97: 12HRS | Q97: NO | S97: EJE APOQUINDO | T97: NO | U97: NO | W97: 1 | X97: 1 | Y97: 3 | AB97: 1 | AD97: =SUMPRODUCT($W$6:$AC$6,W97:AC97) -> 5.4545455
C98: 50DGG | D98: HERNANDO DE AGUIRRE | E98: HERNANDO DE AGUIRRE | F98: 6 | G98: Abierta | H98: TMCB | I98: CLAUDIO MONTES | J98: BARRIOS BAPTISTA JUAN JOSE | K98: NO | L98: PROVIDENCIA | M98: METROPOLITANA | N98: NAVARRO CAREAGA JOSE | O98: 50DGG | P98: 12HRS | Q98: NO | S98: PROVIDENCIA | T98: NO | U98: NO | W98: 1 | X98: 1 | Y98: 4 | AD98: =SUMPRODUCT($W$6:$AC$6,W98:AC98) -> 6
C99: 50EER | D99: LAS CONDES 1 | E99: LAS CONDES 1 | F99: 5 | G99: Abierta | H99: TMCB | I99: CLAUDIO MONTES | J99: GAMERRE URZUA CECILIA | K99: NO | L99: LAS CONDES | M99: METROPOLITANA | N99: PALOMARES MAIKEL | O99: 50EER | P99: 12HRS | Q99: NO | S99: EJE APOQUINDO | T99: NO | U99: NO | W99: 1 | X99: 1 | Y99: 3 | AD99: =SUMPRODUCT($W$6:$AC$6,W99:AC99) -> 5
C100: 50GDL | D100: LOS COLIGUES | E100: LOS COLIGUES | F100: 5.45 | G100: Abierta | H100: TMCB | I100: CLAUDIO MONTES | J100: MENDOZA GIL BREYNER JOSE | K100: NO | L100: VITACURA | M100: METROPOLITANA | N100: PALOMARES MAIKEL | O100: 50GDL | P100: 12HRS | Q100: NO | S100: VITACURA - NORTE | T100: NO | U100: NO | W100: 1 | X100: 1 | Y100: 3 | AB100: 1 | AD100: =SUMPRODUCT($W$6:$AC$6,W100:AC100) -> 5.4545455
...

Sheet Hoja2
A1: CECO | B1: NOMBRE MAESTRA
A2: 50GBU | B2: FRANCISCO DE AGUIRRE
A3: 50JMU | B3: LYON 1
A4: 50OSP | B4: SAN PASCUAL
A5: 50OLI | B5: LIBERTAD 2
A6: 50RBP | B6: LIMACHE VIANA
A7: 50JIO | B7: APOQUINDO 7
A8: 50OMQ | B8: MANQUEHUE
A9: 50OMS | B9: MANUEL DE LA LASTRA
A10: 506J4 | B10: PORTUGAL
A11: 50OEY | B11: ELIODORO YANEZ 2
A12: 50BRI | B12: LAS BRISAS
... A17: 50AQC | B17: VON SCHROEDER

Sheet Hoja1
B3: CECO | C3: NOMBRE MAESTRA | D3: FTE AUT | E3: LIDER | F3: JEFE DE SALA | G3: CAJERO | H3: CAJERP PT 20 | I3: CAJERO PT 30 | J3: CAJERO PT 25 | K3: CAJERO PT 15
B4: 50GBU | C4: FRANCISCO DE AGUIRRE | D4: 11.68 | E4: =HLOOKUP(D4,'COMPOSICION FTE'!$C$3:$AL$11,2,0) -> #N/A
B5: 50JMU | C5: LYON 1 | D5: 12
B6: 50OSP | C6: SAN PASCUAL | D6: 11.68
B7: 50OLI | C7: LIBERTAD 2 | D7: 10
B8: 50RBP | C8: LIMACHE VIANA | D8: 9
B9: 50JIO | C9: APOQUINDO 7 | D9: 8.45
B10: 50OMQ | C10: MANQUEHUE | D10: 10.58
B11: 50OMS | C11: MANUEL DE LA LASTRA | D11: 10.24
B12: 506J4 | C12: PORTUGAL | D12: 8.68
B13: 50OEY | C13: ELIODORO YANEZ 2 | D13: 8.9
B14: 50RNT | C14: ROSARIO NORTE | D14: 8
B15: 50DKO | C15: METRO FRANKLIN | D15: 7
B16: 50DSH | C16: METRO NUNOA | D16: 7.45
... B37: 50OCH | C37: CACHAGUA | D37: 5
B38: 50OEM | C38: OKM CIUDAD EMPRESARIAL | D38: -
B39: 50OIR | C39: OKM IRARRAZAVAL | D39: 6
B40: 50OPD | C40: PROVIDENCIA - CONDELL | D40: 5
B41: 50OQU | C41: QUINTA | D41: 6
B42: 50OZA | C42: ZAPALLAR | D42: 5
B43: 50SLM | C43: APOQUINDO 4 | D43: 6
B44: 50VLX | C44: APOQUINDO 1 | D44: 6
B45: 50VOP | C45: SAN DAMIAN | D45: 8.34
B46: 5033F | C46: VITACURA RIESCO | D46: 5.56
B47: 50BJT | C47: HUECHURABA | D47: 10.13
B48: 50BPT | C48: ECUADOR PURISIMA | D48: -
B49: 50BRI | C49: LAS BRISAS | D49: 10
B50: 50CLC | C50: CLINICA LAS CONDES | D50: 6
B51: 50CQD | C51: MARCHANT PEREIRA | D51: 6
B52: 50HEN | C52: HENDAYA | D52: 5
B53: 50HIS | C53: PLAZA SOTOMAYOR VALPARAISO | D53: 9
B54: 50NBN | C54: BILBAO MONTT | D54: 5
B55: 50OCT | C55: NORUEGA | D55: 6
B56: 50OPH | C56: GUARDIA VIEJA | D56: 5
B57: 50XUH | C57: MATTE PEREZ | D57: 6
B58: 508R8 | C58: METRO TOBALABA | D58: 6.16
B59: 50EFO | C59: ENRIQUE FOSTER | D59: 5
B60: 50MPC | C60: METRO CAL Y CANTO | D60: 6
... B68: 50OCR | C68: CHESTERTON 2 | D68: 6.58
B69: 50ODA | C69: OKM DIEGO DE ALMAGRO | D69: -
B70: 50ODP | C70: OKM DIEGO PORTALES | D70: -
B71: 50OEP | C71: ELIECER PARADA | D71: 6.28
B72: 50OER | C72: OKM EL RODEO | D72: 6.45
B73: 50OHM | C73: HERNANDO DE MAGALLANES | D73: 5.45
B74: 50OIN | C74: LOS INGLESES | D74: 6.45
B75: 50OKA | C75: ACACIOS | D75: 5.04
B76: 50OLT | C76: SUECIA | D76: 5.6
B77: 50OMN | C77: OKM MORANDE | D77: -
B78: 50OMZ | C78: MARTIN DE ZAMORA 2 | D78: 5.45
B79: 50OPM | C79: OKM METRO PLAZA MAIPU | D79: 6
B80: 50OQH | C80: QUINCHAMALI | D80: 5.9
B81: 50ORC | C81: RECREO I | D81: 6.9
B82: 50ORI | C82: RIESCO 2 | D82: 5.9
B83: 50ORM | C83: RENACA 2 | D83: 8
B84: 50OSB | C84: SIMON BOLIVAR 2 | D84: -
B85: 50OSC | C85: OKM SANTA BLANCA | D85: 7.9
B86: 50OST | C86: OKM SUBCENTRO | D86: 5.45
B87: 50OTA | C87: TERMINAL ALAMEDA | D87: 5
B88: 50OTO | C88: OKM TOESCA | D88: -
B89: 50OVL | C89: VILLUCO | D89: 6
B90: 50BM6 | C90: JOSEFINA EDWARD | D90: 5
B91: 50ORP | C91: REPUBLICA | D91: 7
B92: 50ASM | C92: APOQUINDO SANTA MAGDALENA | D92: 5.45
B93: 50CRX | C93: APOQUINDO 6 | D93: 5.45
B94: 50DGG | C94: HERNANDO DE AGUIRRE | D94: 6
B95: 50EER | C95: LAS CONDES 1 | D95: 5
B96: 50GDL | C96: LOS COLIGUES | D96: 5.45
B97: 50GKR | C97: PEDRO DE VALDIVIA 3 | D97: 6
B98: 50HPU | C98: LUIS THAYER OJEDA | D98: 5.45
B99: 50HZO | C99: TRISTAN MATTA | D99: 5
B100: 50KJI | C100: SIMON BOLIVAR HAMBURGO | D100: 6.13
... B128: 50OAJ | C128: ARMANDO JARAMILLO | D128: 5
B129: 50OHT | C129: HAMBURGO 2 | D129: -
B130: 50OHU | C130: HUINGANAL II | D130: 5.04
B131: 50OMP | C131: OKM MALL PLAZA OESTE | D131: 0
B132: 50ONC | C132: NATANIEL COX 2 | D132: 7
B133: 50OPE | C133: EL PARQUE | D133: 5.45
B134: 50OPR | C134: AVENIDA PERU | D134: -
B135: 50OSZ | C135: SANTA BEATRIZ | D135: 5
B136: 50OTH | C136: LUIS THAYER OJEDA 2 | D136: 5.04
B137: 50POS | C137: COLON 2 | D137: 6
B138: 50REU | C138: COLON PONTEVEDRA | D138: 5
B139: 508LO | C139: AMUNATEGUI | D139: 5
B140: 50AMU | C140: TORRE AMUNATEGUI | D140: -
B141: 50SJS | C141: SAN JOSE DE LA SIERRA | D141: 5
B142: 50096 | C142: INFANTE | D142: 5
B143: 50724 | C143: LLICO | D143: 5
B144: 50863 | C144: CONCHA Y TORO | D144: 5
B145: 500LI | C145: JJ PEREZ | D145: -
B146: 500UN | C146: PLAZA CHIGUAYANTE | D146: -
B147: 5019M | C147: LOS MILITARES 2 | D147: 5
B148: 501CG | C148: IRARRAZAVAL 1 | D148: -
B149: 501KO | C149: TALCA 1 | D149: 5
B150: 502IY | C150: INDEPENDENCIA 2 | D150: -
B151: 502UE | C151: MIRAFLORES | D151: -
B152: 5033A | C152: EDMUNDO ELUCHANS | D152: 5
B153: 503LC | C153: TALCA 2 | D153: -
B154: 503YO | C154: SAN DIEGO 2 | D154: -
B155: 504A3 | C155: TERMINAL DE BUSES II | D155: 5
B156: 504GZ | C156: OHIGGINS ANGOL | D156: -
...

Sheet ENERO_26
D1: 1 | E1: lider | F1: 1 | G1: =F1*D1 -> 1
D2: 1 | E2: jefe sala | F2: 1 | G2: =F2*D2 -> 1
D3: 4 | E3: pt 25 | F3: 0.56 | G3: =F3*D3 -> 2.24
D4: 4 | E4: pt 15 | F4: 0.34 | G4: =F4*D4 -> 1.36
G5: =SUM(G1:G4) -> 5.6
C6: 1 | D6: =C6+1 -> 2 | E6: =D6+1 -> 3 | F6: =E6+1 -> 4 | G6: 5 | H6: =G6+1 -> 6 | I6: =H6+1 -> 7 | J6: =I6+1 -> 8 | K6: =J6+1 -> 9 | L6: =K6+1 -> 10 | M6: =L6+1 -> 11 | N6: =M6+1 -> 12 | O6: =N6+1 -> 13 | ... T6: =S6+1 -> 18 | U6: 20
C7: CECO | D7: NOMBRE MAESTRA | E7: GEO | F7: FTE AUT | G7: ESTADO RH | H7: GENERACION | I7: JEFE OPERACIONES | J7: ASESOR TIENDA | K7: TIENDA ESTIVAL | L7: COMUNA | M7: REGION | N7: RECLUTADOR | O7: CECO | P7: JORNADA OPERACIÓN | Q7: PLAN RESCATE | R7: OBJETIVO VENTA | S7: MACROZONA | T7: TIENDA BATTING | U7: ONE TIME | V7: OBSERVACION
C8: 50GBU | D8: FRANCISCO DE AGUIRRE | E8: FRANCISCO DE AGUIRRE | F8: 11.68 | G8: Abierta | H8: TMCB | J8: MENDOZA GIL BREYNER JOSE | K8: NO | L8: VITACURA | M8: METROPOLITANA | N8: PALOMARES MAIKEL | O8: 50GBU | P8: 24HRS | Q8: NO | S8: VITACURA - NORTE | T8: NO | U8: NO
C9: 50JMU | D9: LYON 1 | E9: LYON 1 | F9: 12 | G9: Abierta | H9: TMCB | J9: BARRIOS BAPTISTA JUAN JOSE | K9: NO | L9: PROVIDENCIA | M9: METROPOLITANA | N9: JOSE NAVARRO CAREAGA | O9: 50JMU | P9: 24HRS | Q9: NO | S9: PROVIDENCIA | T9: NO | U9: NO
C10: 50OSP | D10: SAN PASCUAL | E10: OKM SAN PASCUAL | F10: 11.68 | G10: Abierta | H10: TMCB | J10: GAMERRE URZUA CECILIA | K10: NO | L10: LAS CONDES | M10: METROPOLITANA | N10: PALOMARES MAIKEL | O10: 50OSP | P10: 24HRS | Q10: NO | S10: EJE APOQUINDO | T10: NO | U10: NO
C11: 50OLI | D11: OKM LIBERTAD | E11: OKM VIÑA DEL MAR | F11: 10 | G11: Abierta | H11: TMCB | J11: ESCOBAR VALDES VALESKA SOLEDAD | K11: SI | L11: VIÑA DEL MAR | M11: VALPARAISO | N11: JOSE NAVARRO CAREAGA | O11: 50OLI | P11: 24HRS | Q11: NO | S11: REGIONES - COSTA NORTE | T11: NO | U11: NO
C12: 50RBP | D12: LIMACHE VIANA | E12: LIMACHE VIANA | F12: 9 | G12: Abierta | H12: TMCB | J12: ESCOBAR VALDES VALESKA SOLEDAD | K12: SI | L12: VIÑA DEL MAR | M12: VALPARAISO | N12: JOSE NAVARRO CAREAGA | O12: 50RBP | P12: 24HRS | Q12: NO | S12: REGIONES - COSTA SUR | T12: NO | U12: NO
C13: 50JIO | D13: APOQUINDO 7 | E13: APOQUINDO 7 | F13: 8.45 | G13: Abierta | H13: TMCB | J13: GAMERRE URZUA CECILIA | K13: NO | L13: LAS CONDES | M13: METROPOLITANA | N13: PALOMARES MAIKEL | O13: 50JIO | P13: 24HRS | Q13: NO | S13: EJE APOQUINDO | T13: NO | U13: NO
C14: 50OMQ | D14: MANQUEHUE | E14: OKM MANQUEHUE SUR | F14: =10.58 -> 10.58 | G14: Abierta | H14: TMCB | J14: BENITEZ QUILODRAN HUGO | K14: NO | L14: LAS CONDES | M14: METROPOLITANA | N14: GOMEZ FLORES JAVIERA | O14: 50OMQ | P14: 24HRS | Q14: NO | S14: LAS CONDES - PROVIDENCIA SUR | T14: NO | U14: NO
C15: 50OMS | D15: MANUEL DE LA LASTRA | E15: OKM MANUEL DE LA LASTRA | F15: =11.68-1-1+0.56 -> 10.24 | G15: Abierta | H15: TMCB | J15: BENITEZ QUILODRAN HUGO | K15: NO | L15: LA REINA | M15: METROPOLITANA | N15: GOMEZ FLORES JAVIERA | O15: 50OMS | P15: 24HRS | Q15: NO | S15: LAS CONDES - PROVIDENCIA SUR | T15: NO | U15: NO
C16: 506J4 | D16: PORTUGAL | E16: PORTUGAL | F16: 8.68 | G16: Abierta | H16: TNM | J16: LIAZ MONTERO GABRIEL | K16: NO | L16: SANTIAGO | M16: METROPOLITANA | N16: JOSE NAVARRO CAREAGA | O16: 506J4 | P16: 24HRS | Q16: NO | S16: SANTIAGO CENTRO | T16: NO | U16: NO
C17: 50OEY | D17: ELIODORO YANEZ 2 | E17: ELIODORO YAÑEZ 2 | F17: 8.9 | G17: Abierta | H17: TMCB | J17: LOPEZ MEZA LUIS JOSÉ | K17: NO | L17: PROVIDENCIA | M17: METROPOLITANA | N17: PALOMARES MAIKEL | O17: 50OEY | P17: 24HRS | Q17: NO | S17: EJE PROVIDENCIA | T17: NO | U17: NO
C18: 50RNT | D18: ROSARIO NORTE | E18: ROSARIO NORTE | F18: 8 | G18: Abierta | H18: TMCB | J18: GAMERRE URZUA CECILIA | K18: NO | L18: LAS CONDES | M18: METROPOLITANA | N18: PALOMARES MAIKEL | O18: 50RNT | P18: 12HRS | Q18: NO | S18: EJE APOQUINDO | T18: NO | U18: NO
C19: 50DKO | D19: METRO FRANKLIN | E19: METRO FRANKLIN | F19: 7 | G19: Abierta | H19: TMCB | J19: RODRIGUEZ ABREU ROSA | K19: NO | L19: SANTIAGO | M19: METROPOLITANA | N19: QUINTANA VICUÑA SANTIAGO | O19: 50DKO | P19: 12HRS | Q19: NO | S19: METRO | T19: NO | U19: NO
C20: 50DSH | D20: METRO NUNOA | E20: METRO ÑUÑOA | F20: 7.45 | G20: Abierta | H20: TMCB | J20: RODRIGUEZ ABREU ROSA | K20: NO | L20: ÑUÑOA | M20: METROPOLITANA | N20: QUINTANA VICUÑA SANTIAGO | O20: 50DSH | P20: 12HRS | Q20: NO | S20: METRO | T20: NO | U20: NO
C21: 50GJS | D21: METRO LOS LEONES | E21: METRO LOS LEONES | F21: 6.16 | G21: Abierta | H21: TMCB | J21: RODRIGUEZ ABREU ROSA | K21: NO | L21: PROVIDENCIA | M21: METROPOLITANA | N21: QUINTANA VICUÑA SANTIAGO | O21: 50GJS | P21: 12HRS | Q21: NO | S21: METRO | T21: NO | U21: NO
C22: 50OPI | D22: PLAZA ITALIA | E22: OKM PLAZA ITALIA | F22: 8.45 | G22: Abierta | H22: TMCB | J22: LOPEZ MEZA LUIS JOSÉ | K22: NO | L22: PROVIDENCIA | M22: METROPOLITANA | N22: PALOMARES MAIKEL | O22: 50OPI | P22: 12HRS | Q22: NO | S22: EJE PROVIDENCIA | T22: NO | U22: NO
C23: 50KOA | D23: LUIS PASTEUR | E23: LUIS PASTEUR | F23: 7 | G23: Abierta | H23: TMCB | J23: MENDOZA GIL BREYNER JOSE | K23: NO | L23: VITACURA | M23: METROPOLITANA | N23: PALOMARES MAIKEL | O23: 50KOA | P23: 12HRS | Q23: NO | S23: VITACURA - NORTE | T23: NO | U23: NO
C24: 50NRA | D24: APOQUINDO 2 | E24: APOQUINDO 2 | F24: 7 | G24: Abierta | H24: TMCB | J24: GAMERRE URZUA CECILIA | K24: NO | L24: LAS CONDES | M24: METROPOLITANA | N24: PALOMARES MAIKEL | O24: 50NRA | P24: 12HRS | Q24: NO | S24: EJE APOQUINDO | T24: NO | U24: NO
C25: 50OAM | D25: OKM MALL ARAUCO MAIPU | E25: OKM MALL ARAUCO MAIPU K166 CAJAS | F25: =5.45+0.34 -> 5.79 | G25: Abierta | H25: TMCB | J25: PINERUA JAIMES JESUS | K25: NO | L25: MAIPÚ | M25: METROPOLITANA | N25: GOMEZ FLORES JAVIERA | O25: 50OAM | P25: 12HRS | Q25: NO | S25: SANTIAGO SURPONIENTE | T25: NO | U25: NO
C26: 50OJJ | D26: BADAJOZ | E26: BADAJOZ CLP | F26: 6.68 | G26: CIERRE TEMPORAL | H26: TMCB | J26: GAMERRE URZUA CECILIA | K26: NO | L26: LAS CONDES | M26: METROPOLITANA | N26: PALOMARES MAIKEL | O26: 50OJJ | P26: 12HRS | Q26: NO | S26: EJE APOQUINDO | T26: NO | U26: NO
C27: 50VKK | D27: ALCANTARA 1 | E27: ALCANTARA 1 | F27: 7 | G27: Abierta | H27: TMCB | J27: BENITEZ QUILODRAN HUGO | K27: NO | L27: LAS CONDES | M27: METROPOLITANA | N27: GOMEZ FLORES JAVIERA | O27: 50VKK | P27: 12HRS | Q27: NO | S27: LAS CONDES - PROVIDENCIA SUR | T27: NO | U27: NO
C28: 50OMC | D28: MACUL | E28: OKM MACUL | F28: 8.68 | G28: Abierta | H28: TMCB | J28: PINERUA JAIMES JESUS | K28: NO | L28: MACUL | M28: METROPOLITANA | N28: GOMEZ FLORES JAVIERA | O28: 50OMC | P28: 12HRS | Q28: NO | S28: SANTIAGO SURPONIENTE | T28: NO | U28: NO
C29: 50UMT | D29: LYON 3 | E29: LYON 3 | F29: 7 | G29: Abierta | H29: TMCB | J29: BARRIOS BAPTISTA JUAN JOSE | K29: NO | L29: PROVIDENCIA | M29: METROPOLITANA | N29: JOSE NAVARRO CAREAGA | O29: 50UMT | P29: 12HRS | Q29: NO | S29: PROVIDENCIA | T29: NO | U29: NO
C30: 50EDF | D30: EJERCITO ALAMEDA | E30: EJERCITO ALAMEDA | F30: 7 | G30: Abierta | H30: TMCB | J30: LIAZ MONTERO GABRIEL | K30: SI | L30: SANTIAGO | M30: METROPOLITANA | N30: JOSE NAVARRO CAREAGA | O30: 50EDF | P30: 12HRS | Q30: NO | S30: SANTIAGO CENTRO | T30: NO | U30: NO
C31: 50HCL | D31: ALCANTARA 2 | E31: ALCANTARA 2 | F31: 7 | G31: Abierta | H31: TMCB | J31: GAMERRE URZUA CECILIA | K31: NO | L31: LAS CONDES | M31: METROPOLITANA | N31: PALOMARES MAIKEL | O31: 50HCL | P31: 12HRS | Q31: NO | S31: EJE APOQUINDO | T31: NO | U31: NO
C32: 50OLS | D32: LUIS CARRERA | E32: LUIS CARRERA | F32: 7 | G32: Abierta | H32: TMCB | J32: MENDOZA GIL BREYNER JOSE | K32: NO | L32: VITACURA | M32: METROPOLITANA | N32: PALOMARES MAIKEL | O32: 50OLS | P32: 12HRS | Q32: NO | S32: VITACURA - NORTE | T32: NO | U32: NO
C33: 50OTP | D33: TOBALABA 1 | E33: OKM TOBALABA | F33: 7 | G33: Abierta | H33: TMCB | J33: MONTT FUENTES JAIME IGNACIO | K33: NO | L33: LAS CONDES | M33: METROPOLITANA | N33: QUINTANA VICUÑA SANTIAGO | O33: 50OTP | P33: 12HRS | Q33: NO | S33: LAS CONDES NORTE | T33: NO | U33: NO
C34: 50OAL | D34: ALAMEDA 1 | E34: OKM ALAMEDA | F34: 7 | G34: Abierta | H34: TMCB | J34: LIAZ MONTERO GABRIEL | K34: NO | L34: SANTIAGO | M34: METROPOLITANA | N34: JOSE NAVARRO CAREAGA | O34: 50OAL | P34: 12HRS | Q34: NO | S34: SANTIAGO CENTRO | T34: NO | U34: ONE TIME
C35: 50UCH | D35: METRO U DE CHILE | E35: METRO U DE CHILE | F35: 6.68 | G35: CIERRE TEMPORAL | H35: TMCB | J35: RODRIGUEZ ABREU ROSA | L35: SANTIAGO | M35: METROPOLITANA | N35: QUINTANA VICUÑA SANTIAGO | O35: 50UCH | P35: 12HRS | Q35: NO | S35: METRO | T35: NO | U35: NO
C36: 50ARD | D36: NUNOA | E36: ÑUÑOA | F36: 6 | G36: Abierta | H36: TMCB | J36: RUIZ FERRER VANNA | K36: NO | L36: ÑUÑOA | M36: METROPOLITANA | N36: QUINTANA VICUÑA SANTIAGO | O36: 50ARD | P36: 12HRS | Q36: NO | S36: EJE IRARRAZAVAL | T36: NO | U36: NO
C37: 50ARE | D37: COLON 1 | E37: COLON 1 | F37: 6 | G37: Abierta | H37: TMCB | J37: BENITEZ QUILODRAN HUGO | K37: NO | L37: LAS CONDES | M37: METROPOLITANA | N37: GOMEZ FLORES JAVIERA | O37: 50ARE | P37: 12HRS | Q37: NO | S37: LAS CONDES - PROVIDENCIA SUR | T37: NO | U37: NO
C38: 50CPN | D38: CARLOS PENA | E38: CARLOS PEÑA | F38: 6 | G38: Abierta | H38: TMCB | J38: ARAYA BURGOS ARIEL | K38: NO | L38: LAS CONDES | M38: METROPOLITANA | N38: GOMEZ FLORES JAVIERA | O38: 50CPN | P38: 12HRS | Q38: NO | S38: SANTIAGO ORIENTE | T38: NO | U38: NO
C39: 50HSP | D39: HOSPITALES | E39: HOSPITALES | F39: 6 | G39: Abierta | H39: TMCB | J39: PINERUA JAIMES JESUS | K39: NO | L39: INDEPENDENCIA | M39: METROPOLITANA | N39: GOMEZ FLORES JAVIERA | O39: 50HSP | P39: 12HRS | Q39: NO | S39: SANTIAGO SURPONIENTE | T39: NO | U39: NO
C40: 50NMT | D40: EL GOLF | E40: EL GOLF | F40: 5 | G40: Abierta | H40: TMCB | J40: GAMERRE URZUA CECILIA | K40: NO | L40: LAS CONDES | M40: METROPOLITANA | N40: PALOMARES MAIKEL | O40: 50NMT | P40: 12HRS | Q40: NO | S40: EJE APOQUINDO | T40: NO | U40: NO
C41: 50OCH | D41: CACHAGUA | E41: OKM CACHAGUA | F41: 5 | G41: Abierta | H41: TMCB | J41: ESCOBAR VALDES VALESKA SOLEDAD | K41: SI | L41: ZAPALLAR | M41: VALPARAISO | N41: JOSE NAVARRO CAREAGA | O41: 50OCH | P41: 12HRS | Q41: NO | S41: REGIONES - COSTA NORTE | T41: NO | U41: NO
C42: 50OEM | D42: OKM CIUDAD EMPRESARIAL | E42: OKM CIUDAD EMPRESARIAL | F42: - | G42: CIERRE DEFINITIVO | H42: TMCB OKM | J42: 0 | L42: HUECHURABA | M42: METROPOLITANA | N42: 0 | O42: 50OEM | P42: 12HRS | Q42: NO | S42: 0 | T42: NO | U42: NO
C43: 50OIR | D43: OKM IRARRAZAVAL | E43: OKM IRARRAZAVAL K070 CAJAS | F43: 6 | G43: CIERRE DEFINITIVO | H43: TMCB | J43: RUIZ FERRER VANNA | L43: ÑUÑOA | M43: METROPOLITANA | N43: QUINTANA VICUÑA SANTIAGO | O43: 50OIR | P43: 12HRS | Q43: NO | S43: EJE IRARRAZAVAL | T43: NO | U43: NO
C44: 50OPD | D44: PROVIDENCIA - CONDELL | E44: OKM PROVIDENCIA | F44: 5 | G44: Abierta | H44: TMCB | J44: LOPEZ MEZA LUIS JOSÉ | K44: NO | L44: PROVIDENCIA | M44: METROPOLITANA | N44: PALOMARES MAIKEL | O44: 50OPD | P44: 12HRS | Q44: NO | S44: EJE PROVIDENCIA | T44: NO | U44: NO
C45: 50OQU | D45: OKM QUINTA | E45: OKM QUINTA K034 CAJAS | F45: 6 | G45: Abierta | H45: TMCB | J45: ESCOBAR VALDES VALESKA SOLEDAD | K45: SI | L45: VIÑA DEL MAR | M45: VALPARAISO | N45: JOSE NAVARRO CAREAGA | O45: 50OQU | P45: 12HRS | Q45: NO | S45: REGIONES - COSTA SUR | T45: NO | U45: NO
C46: 50OZA | D46: ZAPALLAR | E46: OKM ZAPALLAR | F46: 5 | G46: Abierta | H46: TMCB | J46: ESCOBAR VALDES VALESKA SOLEDAD | K46: SI | L46: ZAPALLAR | M46: VALPARAISO | N46: JOSE NAVARRO CAREAGA | O46: 50OZA | P46: 12HRS | Q46: NO | S46: REGIONES - COSTA NORTE | T46: NO | U46: NO
C47: 50SLM | D47: APOQUINDO 4 | E47: APOQUINDO 4 | F47: 6 | G47: Abierta | H47: TMCB | J47: GAMERRE URZUA CECILIA | K47: NO | L47: LAS CONDES | M47: METROPOLITANA | N47: PALOMARES MAIKEL | O47: 50SLM | P47: 12HRS | Q47: NO | S47: EJE APOQUINDO | T47: NO | U47: NO
C48: 50VLX | D48: APOQUINDO 1 | E48: APOQUINDO 1 | F48: 6 | G48: Abierta | H48: TMCB | J48: GAMERRE URZUA CECILIA | K48: NO | L48: LAS CONDES | M48: METROPOLITANA | N48: PALOMARES MAIKEL | O48: 50VLX | P48: 12HRS | Q48: NO | S48: EJE APOQUINDO | T48: NO | U48: NO
C49: 50VOP | D49: SAN DAMIAN | E49: SAN DAMIAN | F49: 8.34 | G49: Abierta | H49: TMCB | J49: ARAYA BURGOS ARIEL | K49: NO | L49: LAS CONDES | M49: METROPOLITANA | N49: GOMEZ FLORES JAVIERA | O49: 50VOP | P49: 12HRS | Q49: NO | S49: SANTIAGO ORIENTE | T49: NO | U49: NO
C50: 5033F | D50: VITACURA RIESCO | E50: VITACURARIESCO | F50: 5.56 | G50: Abierta | H50: TMCB | J50: MENDOZA GIL BREYNER JOSE | K50: NO | L50: LAS CONDES | M50: METROPOLITANA | N50: PALOMARES MAIKEL | O50: 5033F | P50: 12HRS | Q50: NO | S50: VITACURA - NORTE | T50: NO | U50: NO
C51: 50BJT | D51: HUECHURABA | E51: HUECHURABA | F51: 10.13 | G51: Abierta | H51: TMCB | J51: MENDOZA GIL BREYNER JOSE | K51: NO | L51: HUECHURABA | M51: METROPOLITANA | N51: PALOMARES MAIKEL | O51: 50BJT | P51: 12HRS | Q51: NO | S51: VITACURA - NORTE | T51: NO | U51: NO
C52: 50BPT | D52: ECUADOR PURISIMA | E52: ECUADOR PURISIMA | F52: - | G52: CIERRE DEFINITIVO | H52: TMCB | J52: 0 | L52: ESTACIÓN CENTRAL | M52: METROPOLITANA | N52: 0 | O52: 50BPT | P52: 12HRS | Q52: NO | S52: 0 | T52: NO | U52: NO
C53: 50BRI | D53: LAS BRISAS | E53: LAS BRISAS | F53: 10 | G53: Abierta | H53: TMCB | J53: MENDOZA GIL BREYNER JOSE | K53: NO | L53: COLINA | M53: METROPOLITANA | N53: PALOMARES MAIKEL | O53: 50BRI | P53: 24HRS | Q53: NO | S53: VITACURA - NORTE | T53: NO | U53: NO
C54: 50CLC | D54: CLINICA LAS CONDES | E54: CLINICA LAS CONDES | F54: 6 | G54: Abierta | H54: TMCB | J54: ARAYA BURGOS ARIEL | K54: NO | L54: LAS CONDES | M54: METROPOLITANA | N54: GOMEZ FLORES JAVIERA | O54: 50CLC | P54: 12HRS | Q54: NO | S54: SANTIAGO ORIENTE | T54: NO | U54: NO
C55: 50CQD | D55: MARCHANT PEREIRA | E55: MARCHANT PEREIRA | F55: 6 | G55: Abierta | H55: TMCB | J55: LOPEZ MEZA LUIS JOSÉ | K55: NO | L55: PROVIDENCIA | M55: METROPOLITANA | N55: PALOMARES MAIKEL | O55: 50CQD | P55: 12HRS | Q55: NO | S55: EJE PROVIDENCIA | T55: NO | U55: NO
C56: 50HEN | D56: HENDAYA | E56: HENDAYA | F56: 5 | G56: Abierta | H56: TMCB | J56: MONTT FUENTES JAIME IGNACIO | K56: NO | L56: LAS CONDES | M56: METROPOLITANA | N56: QUINTANA VICUÑA SANTIAGO | O56: 50HEN | P56: 12HRS | Q56: NO | S56: LAS CONDES NORTE | T56: NO | U56: NO
C57: 50HIS | D57: PLAZA SOTOMAYOR VALPARAISO | E57: PLAZA SOTOMAYOR VALPARAISO | F57: 9 | G57: Abierta | H57: TMCB | J57: ESCOBAR VALDES VALESKA SOLEDAD | K57: SI | L57: VALPARAÍSO | M57: VALPARAISO | N57: JOSE NAVARRO CAREAGA | O57: 50HIS | P57: 24HRS | Q57: NO | S57: REGIONES - COSTA SUR | T57: NO | U57: NO
C58: 50NBN | D58: BILBAO MONTT | E58: BILBAO - MONTT | F58: 5 | G58: Abierta | H58: TMCB | J58: BARRIOS BAPTISTA JUAN JOSE | K58: NO | L58: PROVIDENCIA | M58: METROPOLITANA | N58: JOSE NAVARRO CAREAGA | O58: 50NBN | P58: 12HRS | Q58: NO | S58: PROVIDENCIA | T58: NO | U58: NO
C59: 50OCT | D59: NORUEGA | E59: NORUEGA | F59: 6 | G59: Abierta | H59: TMCB | J59: BENITEZ QUILODRAN HUGO | K59: NO | L59: LAS CONDES | M59: METROPOLITANA | N59: GOMEZ FLORES JAVIERA | O59: 50OCT | P59: 12HRS | Q59: NO | S59: LAS CONDES - PROVIDENCIA SUR | T59: NO | U59: NO
C60: 50OPH | D60: GUARDIA VIEJA | E60: GUARDIA VIEJA | F60: 5 | G60: Abierta | H60: TMCB | J60: LOPEZ MEZA LUIS JOSÉ | K60: NO | L60: PROVIDENCIA | M60: METROPOLITANA | N60: PALOMARES MAIKEL | O60: 50OPH | P60: 12HRS | Q60: NO | S60: EJE PROVIDENCIA | T60: NO | U60: NO
C61: 50XUH | D61: MATTE PEREZ | E61: MATTE PEREZ CLP | F61: 6 | G61: Abierta | H61: TMCB | J61: BARRIOS BAPTISTA JUAN JOSE | K61: NO | L61: PROVIDENCIA | M61: METROPOLITANA | N61: JOSE NAVARRO CAREAGA | O61: 50XUH | P61: 12HRS | Q61: NO | S61: PROVIDENCIA | T61: NO | U61: NO
C62: 508R8 | D62: METRO TOBALABA | E62: METRO TOBALABA | F62: 6.16 | G62: Abierta | H62: TNM | J62: RODRIGUEZ ABREU ROSA | K62: NO | L62: PROVIDENCIA | M62: METROPOLITANA | N62: QUINTANA VICUÑA SANTIAGO | O62: 508R8 | P62: 12HRS | Q62: NO | S62: METRO | T62: NO | U62: ONE TIME
C63: 50EFO | D63: ENRIQUE FOSTER | E63: ENRIQUE FOSTER | F63: 5 | G63: Abierta | H63: TMCB | J63: GAMERRE URZUA CECILIA | K63: NO | L63: LAS CONDES | M63: METROPOLITANA | N63: PALOMARES MAIKEL | O63: 50EFO | P63: 12HRS | Q63: NO | S63: EJE APOQUINDO | T63: NO | U63: NO
C64: 50MPC | D64: METRO CAL Y CANTO | E64: METRO CAL Y CANTO | F64: 6 | G64: Abierta | H64: TMCB | J64: RODRIGUEZ ABREU ROSA | K64: NO | L64: SANTIAGO | M64: METROPOLITANA | N64: QUINTANA VICUÑA SANTIAGO | O64: 50MPC | P64: 12HRS | Q64: NO | S64: METRO | T64: NO | U64: NO
... C69: 50OBN | D69: BROWN NORTE | E69: OKM BROWN NORTE | F69: 5 | G69: Abierta | H69: TMCB | J69: RUIZ FERRER VANNA | K69: NO | L69: ÑUÑOA | M69: METROPOLITANA | N69: QUINTANA VICUÑA SANTIAGO | O69: 50OBN | P69: 12HRS | Q69: NO | S69: EJE IRARRAZAVAL | T69: NO | U69: NO
C70: 50OCA | D70: OKM CHACABUCO | E70: OKM CHACABUCO | F70: 5.04 | G70: Abierta | H70: TMCB | J70: ZAMBRANO JARA CAROLINA GRACIELA | L70: CONCEPCIÓN | M70: BIOBIO | N70: PALOMARES MAIKEL | O70: 50OCA | P70: 12HRS | Q70: NO | S70: REGIONES SUR | T70: NO | U70: NO
C71: 50OCO | D71: OKM CHICUREO | E71: OKM CHICUREO | F71: =5.04+0.56 -> 5.6 | G71: Abierta | H71: TMCB | J71: MENDOZA GIL BREYNER JOSE | K71: NO | L71: COLINA | M71: METROPOLITANA | N71: PALOMARES MAIKEL | O71: 50OCO | P71: 12HRS | Q71: NO | S71: VITACURA - NORTE | T71: NO | U71: NO
C72: 50OCR | D72: CHESTERTON 2 | E72: OKM CHESTERTON | F72: =5.9+0.68 -> 6.58 | G72: Abierta | H72: TMCB | J72: BENITEZ QUILODRAN HUGO | K72: NO | L72: LAS CONDES | M72: METROPOLITANA | N72: GOMEZ FLORES JAVIERA | O72: 50OCR | P72: 12HRS | Q72: NO | S72: LAS CONDES - PROVIDENCIA SUR | T72: NO | U72: NO
C73: 50ODA | D73: OKM DIEGO DE ALMAGRO | E73: OKM DIEGO DE ALMAGRO | F73: - | G73: CIERRE DEFINITIVO | H73: TMCB OKM | J73: RODRIGUEZ ABREU ROSA | L73: PROVIDENCIA | M73: METROPOLITANA | N73: QUINTANA VICUÑA SANTIAGO | O73: 50ODA | P73: 12HRS | Q73: NO | S73: 0 | T73: NO | U73: NO
C74: 50ODP | D74: OKM DIEGO PORTALES | E74: OKM DIEGO PORTALES | F74: - | G74: CIERRE DEFINITIVO | H74: TMCB OKM | J74: 0 | L74: VIÑA DEL MAR | M74: VALPARAISO | N74: 0 | O74: 50ODP | P74: 12HRS | Q74: NO | S74: 0 | T74: NO | U74: NO
C75: 50OEP | D75: OKM ELIECER PARADA | E75: OKM ELIECER PARADA | F75: 6.28 | G75: Abierta | H75: TMCB | J75: BENITEZ QUILODRAN HUGO | K75: NO | L75: ÑUÑOA | M75: METROPOLITANA | N75: GOMEZ FLORES JAVIERA | O75: 50OEP | P75: 12HRS | Q75: NO | S75: LAS CONDES - PROVIDENCIA SUR | T75: NO | U75: NO
C76: 50OER | D76: OKM EL RODEO | E76: OKM EL RODEO K022 CAJAS | F76: 6.45 | G76: Abierta | H76: TMCB | J76: ARAYA BURGOS ARIEL | K76: NO | L76: LO BARNECHEA | M76: METROPOLITANA | N76: GOMEZ FLORES JAVIERA | O76: 50OER | P76: 12HRS | Q76: NO | S76: SANTIAGO ORIENTE | T76: NO | U76: NO
C77: 50OHM | D77: OKM HERNANDO DE MAGALLANES | E77: OKM HERNANDO DE MAGALLANES K131 CAJAS | F77: 5.45 | G77: Abierta | H77: TMCB | J77: BENITEZ QUILODRAN HUGO | K77: NO | L77: LAS CONDES | M77: METROPOLITANA | N77: GOMEZ FLORES JAVIERA | O77: 50OHM | P77: 12HRS | Q77: NO | S77: LAS CONDES - PROVIDENCIA SUR | T77: NO | U77: ONE TIME
C78: 50OIN | D78: LOS INGLESES | E78: OKM LOS INGLESES | F78: 6.45 | G78: Abierta | H78: TMCB | J78: MENDOZA GIL BREYNER JOSE | K78: NO | L78: COLINA | M78: METROPOLITANA | N78: PALOMARES MAIKEL | O78: 50OIN | P78: 12HRS | Q78: NO | S78: VITACURA - NORTE | T78: NO | U78: NO
C79: 50OKA | D79: OKM ACACIOS | E79: OKM ACACIOS | F79: 5.04 | G79: Abierta | H79: TMCB | J79: ZAMBRANO JARA CAROLINA GRACIELA | K79: NO | L79: SAN PEDRO DE LA PAZ | M79: BIOBIO | N79: PALOMARES MAIKEL | O79: 50OKA | P79: 12HRS | Q79: NO | S79: REGIONES SUR | T79: NO | U79: NO
C80: 50OLT | D80: OKM SUECIA | E80: OKM SUECIA K049 CAJAS | F80: 5.6 | G80: Abierta | H80: TMCB | J80: BARRIOS BAPTISTA JUAN JOSE | K80: NO | L80: PROVIDENCIA | M80: METROPOLITANA | N80: JOSE NAVARRO CAREAGA | O80: 50OLT | P80: 12HRS | Q80: NO | S80: PROVIDENCIA | T80: NO | U80: NO
C81: 50OMN | D81: OKM MORANDE | E81: OKM MORANDE | F81: - | G81: CIERRE DEFINITIVO | H81: TMCB OKM | J81: LOPEZ CALDERON LUIS GERARDO | L81: SANTIAGO | M81: METROPOLITANA | N81: PALOMARES MAIKEL | O81: 50OMN | P81: 12HRS | Q81: NO | S81: 0 | T81: NO | U81: NO
C82: 50OMZ | D82: MARTIN DE ZAMORA 2 | E82: OKM MARTIN DE ZAMORA | F82: 5.45 | G82: Abierta | H82: TMCB | J82: BENITEZ QUILODRAN HUGO | K82: NO | L82: LAS CONDES | M82: METROPOLITANA | N82: GOMEZ FLORES JAVIERA | O82: 50OMZ | P82: 12HRS | Q82: NO | S82: LAS CONDES - PROVIDENCIA SUR | T82: NO | U82: NO
C83: 50OPM | D83: OKM METRO PLAZA MAIPU | E83: OKM METRO PLAZA MAIPÚ | F83: 6 | G83: Abierta | H83: TMCB | J83: RODRIGUEZ ABREU ROSA | K83: NO | L83: MAIPÚ | M83: METROPOLITANA | N83: QUINTANA VICUÑA SANTIAGO | O83: 50OPM | P83: 12HRS | Q83: NO | S83: METRO | T83: NO | U83: NO
C84: 50OQH | D84: OKM QUINCHAMALI | E84: OKM QUINCHAMALI K021 CAJAS | F84: 5.9 | G84: Abierta | H84: TMCB | J84: ARAYA BURGOS ARIEL | K84: NO | L84: LAS CONDES | M84: METROPOLITANA | N84: GOMEZ FLORES JAVIERA | O84: 50OQH | P84: 12HRS | Q84: NO | S84: SANTIAGO ORIENTE | T84: NO | U84: NO | V84: SE DISMINUYE A PARTIR DE DICIEMBRE UN FULL, QUEDANDO EN 5,9
C85: 50ORC | D85: OKM RECREO I | E85: OKM RECREO 1 | F85: 6.9 | G85: Abierta | H85: TMCB | J85: ESCOBAR VALDES VALESKA SOLEDAD | K85: SI | L85: VIÑA DEL MAR | M85: VALPARAISO | N85: JOSE NAVARRO CAREAGA | O85: 50ORC | P85: 12HRS | Q85: NO | S85: REGIONES - COSTA SUR | T85: NO | U85: NO
C86: 50ORI | D86: RIESCO 2 | E86: OKM RIESCO | F86: 5.9 | G86: Abierta | H86: TMCB | J86: MONTT FUENTES JAIME IGNACIO | L86: LAS CONDES | M86: METROPOLITANA | N86: QUINTANA VICUÑA SANTIAGO | O86: 50ORI | P86: 12HRS | Q86: NO | S86: LAS CONDES NORTE | T86: NO | U86: NO
C87: 50ORM | D87: RENACA 2 | E87: OKM REÑACA 2 | F87: 8 | G87: Abierta | H87: TMCB | J87: ESCOBAR VALDES VALESKA SOLEDAD | K87: SI | L87: VIÑA DEL MAR | M87: VALPARAISO | N87: JOSE NAVARRO CAREAGA | O87: 50ORM | P87: 24HRS | Q87: NO | S87: REGIONES - COSTA NORTE | T87: NO | U87: NO
C88: 50OSB | D88: SIMON BOLIVAR 2 | E88: OKM SIMÓN BOLIVAR | F88: - | G88: CIERRE DEFINITIVO | H88: TMCB OKM | J88: GAMERRE URZUA CECILIA | L88: ÑUÑOA | M88: METROPOLITANA | N88: PALOMARES MAIKEL | O88: 50OSB | P88: 12HRS | Q88: NO | S88: 0 | T88: NO | U88: NO
C89: 50OSC | D89: OKM SANTA BLANCA | E89: OKM SANTA BLANCA K004 CAJAS | F89: 7.9 | G89: Abierta | H89: TMCB | J89: ARAYA BURGOS ARIEL | K89: NO | L89: LO BARNECHEA | M89: METROPOLITANA | N89: GOMEZ FLORES JAVIERA | O89: 50OSC | P89: 24HRS | Q89: NO | S89: SANTIAGO ORIENTE | T89: NO | U89: NO
C90: 50OST | D90: OKM SUBCENTRO | E90: OKM SUBCENTRO | F90: 5.45 | G90: Abierta | H90: TMCB | J90: RODRIGUEZ ABREU ROSA | K90: NO | L90: LAS CONDES | M90: METROPOLITANA | N90: QUINTANA VICUÑA SANTIAGO | O90: 50OST | P90: 12HRS | Q90: NO | S90: METRO | T90: NO | U90: NO
C91: 50OTA | D91: TERMINAL ALAMEDA | E91: TERMINAL DE BUSES ALAMEDA | F91: 5 | G91: Abierta | H91: TMCB | J91: PINERUA JAIMES JESUS | K91: NO | L91: ESTACIÓN CENTRAL | M91: METROPOLITANA | N91: GOMEZ FLORES JAVIERA | O91: 50OTA | P91: 12HRS | Q91: NO | S91: SANTIAGO SURPONIENTE | T91: NO | U91: NO
C92: 50OTO | D92: OKM TOESCA | E92: OKM TOESCA | F92: - | G92: CIERRE DEFINITIVO | H92: TMCB OKM | J92: RIQUELME ESTAY ROBERTO | L92: SANTIAGO | M92: METROPOLITANA | N92: 0 | O92: 50OTO | P92: 12HRS | Q92: NO | S92: 0 | T92: NO | U92: NO
C93: 50OVL | D93: OKM VILLUCO | E93: OKM VILLUCO | F93: 6 | G93: Abierta | H93: TMCB | J93: ZAMBRANO JARA CAROLINA GRACIELA | L93: CHIGUAYANTE | M93: BIOBIO | N93: PALOMARES MAIKEL | O93: 50OVL | P93: 12HRS | Q93: NO | S93: REGIONES SUR | T93: NO | U93: NO
C94: 50BM6 | D94: JOSEFINA EDWARD | E94: JOSEFINA EDWARDS CLP | F94: 5 | G94: Abierta | H94: TMCB | J94: LOPEZ MEZA LUIS JOSÉ | K94: NO | L94: PROVIDENCIA | M94: METROPOLITANA | N94: PALOMARES MAIKEL | O94: 50BM6 | P94: 12HRS | Q94: NO | S94: EJE PROVIDENCIA | T94: NO | U94: NO
C95: 50ORP | D95: REPUBLICA | E95: OKM REPÚBLICA | F95: 7 | G95: Abierta | H95: TMCB | J95: LIAZ MONTERO GABRIEL | K95: SI | L95: SANTIAGO | M95: METROPOLITANA | N95: JOSE NAVARRO CAREAGA | O95: 50ORP | P95: 12HRS | Q95: NO | S95: SANTIAGO CENTRO | T95: NO | U95: NO
C96: 50ASM | D96: APOQUINDO SANTA MAGDALENA | E96: APOQUINDO SANTA MAGDALENA | F96: 5.45 | G96: Abierta | H96: TMCB | J96: GAMERRE URZUA CECILIA | K96: NO | L96: LAS CONDES | M96: METROPOLITANA | N96: PALOMARES MAIKEL | O96: 50ASM | P96: 12HRS | Q96: NO | S96: EJE APOQUINDO | T96: NO | U96: NO
C97: 50CRX | D97: APOQUINDO 6 | E97: APOQUINDO 6 | F97: 5.45 | G97: Abierta | H97: TMCB | J97: GAMERRE URZUA CECILIA | K97: NO | L97: LAS CONDES | M97: METROPOLITANA | N97: PALOMARES MAIKEL | O97: 50CRX | P97: 12HRS | Q97: NO | S97: EJE APOQUINDO | T97: NO | U97: NO
C98: 50DGG | D98: HERNANDO DE AGUIRRE | E98: HERNANDO DE AGUIRRE | F98: 6 | G98: Abierta | H98: TMCB | J98: BARRIOS BAPTISTA JUAN JOSE | K98: NO | L98: PROVIDENCIA | M98: METROPOLITANA | N98: JOSE NAVARRO CAREAGA | O98: 50DGG | P98: 12HRS | Q98: NO | S98: PROVIDENCIA | T98: NO | U98: NO
C99: 50EER | D99: LAS CONDES 1 | E99: LAS CONDES 1 | F99: 5 | G99: Abierta | H99: TMCB | J99: GAMERRE URZUA CECILIA | K99: NO | L99: LAS CONDES | M99: METROPOLITANA | N99: PALOMARES MAIKEL | O99: 50EER | P99: 12HRS | Q99: NO | S99: EJE APOQUINDO | T99: NO | U99: NO
C100: 50GDL | D100: LOS COLIGUES | E100: LOS COLIGUES | F100: 5.45 | G100: Abierta | H100: TMCB | J100: MENDOZA GIL BREYNER JOSE | K100: NO | L100: VITACURA | M100: METROPOLITANA | N100: PALOMARES MAIKEL | O100: 50GDL | P100: 12HRS | Q100: NO | S100: VITACURA - NORTE | T100: NO | U100: NO
C101: 50GKR | D101: PEDRO DE VALDIVIA 3 | E101: PEDRO DE VALDIVIA 3 | F101: 6 | G101: Abierta | H101: TMCB | J101: BARRIOS BAPTISTA JUAN JOSE | K101: NO | L101: PROVIDENCIA | M101: METROPOLITANA | N101: JOSE NAVARRO CAREAGA | O101: 50GKR | P101: 12HRS | Q101: NO | S101: PROVIDENCIA | T101: NO | U101: NO
C102: 50HPU | D102: LUIS THAYER OJEDA | E102: LUIS THAYER OJEDA | F102: 5.45 | G102: Abierta | H102: TMCB | J102: BARRIOS BAPTISTA JUAN JOSE | K102: NO | L102: PROVIDENCIA | M102: METROPOLITANA | N102: JOSE NAVARRO CAREAGA | O102: 50HPU | P102: 12HRS | Q102: NO | S102: PROVIDENCIA | T102: NO | U102: NO
C103: 50HZO | D103: TRISTAN MATTA | E103: TRISTAN MATTA | F103: 5 | G103: Abierta | H103: TMCB | J103: PINERUA JAIMES JESUS | K103: NO | L103: SAN MIGUEL | M103: METROPOLITANA | N103: GOMEZ FLORES JAVIERA | O103: 50HZO | P103: 12HRS | Q103: NO | S103: SANTIAGO SURPONIENTE | T103: NO | U103: NO
C104: 50KJI | D104: SIMON BOLIVAR HAMBURGO | E104: SIMON BOLIVAR HAMBURGO | F104: 6.13 | G104: Abierta | H104: TMCB | J104: BENITEZ QUILODRAN HUGO | K104: NO | L104: ÑUÑOA | M104: METROPOLITANA | N104: GOMEZ FLORES JAVIERA | O104: 50KJI | P104: 24HRS | Q104: NO | S104: LAS CONDES - PROVIDENCIA SUR | T104: NO | U104: NO
...

Sheet DICIEMBRE_25
D2: =15/44 -> 0.34090909 | E2: 10.58 | F2: 9.45 | G2: =E2-F2 -> 1.13
C6: 1 | D6: =C6+1 -> 2 | E6: =D6+1 -> 3 | F6: =E6+1 -> 4 | G6: =F6+1 -> 5 | H6: =G6+1 -> 6 | I6: =H6+1 -> 7 | J6: =I6+1 -> 8 | K6: =J6+1 -> 9 | ... T6: =S6+1 -> 18 | U6: 20
C7: CECO | D7: NOMBRE MAESTRA | E7: GEO | F7: FTE AUT | G7: ESTADO RH | H7: GENERACION | I7: JEFE OPERACIONES | J7: ASESOR TIENDA | K7: TIENDA ESTIVAL | L7: COMUNA | M7: REGION | N7: RECLUTADOR | O7: CECO | P7: JORNADA OPERACIÓN | Q7: PLAN RESCATE | R7: OBJETIVO VENTA | S7: MACROZONA | T7: TIENDA BATTING | U7: ONE TIME | V7: OBSERVACION
C8: 50GBU | D8: FRANCISCO DE AGUIRRE | E8: FRANCISCO DE AGUIRRE | F8: 11.68 | G8: Abierta | H8: TMCB | I8: BRESCIA RIVERA RODRIGO | J8: MENDOZA GIL BREYNER JOSE | K8: NO | L8: VITACURA | M8: METROPOLITANA | N8: PALOMARES MAIKEL | O8: 50GBU | P8: 24HRS | Q8: NO | S8: VITACURA - NORTE | T8: NO
C9: 50JMU | D9: LYON 1 | E9: LYON 1 | F9: 12 | G9: Abierta | H9: TMCB | I9: BRESCIA RIVERA RODRIGO | J9: BARRIOS BAPTISTA JUAN JOSE | K9: NO | L9: PROVIDENCIA | M9: METROPOLITANA | N9: JOSE NAVARRO CAREAGA | O9: 50JMU | P9: 24HRS | Q9: NO | S9: PROVIDENCIA | T9: NO
C10: 50OSP | D10: SAN PASCUAL | E10: OKM SAN PASCUAL | F10: 11.68 | G10: Abierta | H10: TMCB | I10: SESA DIEGO MIGUEL | J10: GAMERRE URZUA CECILIA | K10: NO | L10: LAS CONDES | M10: METROPOLITANA | N10: PALOMARES MAIKEL | O10: 50OSP | P10: 24HRS | Q10: NO | S10: EJE APOQUINDO | T10: NO
C11: 50OLI | D11: OKM LIBERTAD | E11: OKM VIÑA DEL MAR | F11: 10 | G11: Abierta | H11: TMCB | I11: SESA DIEGO MIGUEL | J11: ESCOBAR VALDES VALESKA SOLEDAD | K11: SI | L11: VIÑA DEL MAR | M11: VALPARAISO | N11: JOSE NAVARRO CAREAGA | O11: 50OLI | P11: 24HRS | Q11: NO | S11: REGIONES - COSTA NORTE | T11: NO
C12: 50RBP | D12: LIMACHE VIANA | E12: LIMACHE VIANA | F12: 9 | G12: Abierta | H12: TMCB | I12: SESA DIEGO MIGUEL | J12: ESCOBAR VALDES VALESKA SOLEDAD | K12: SI | L12: VIÑA DEL MAR | M12: VALPARAISO | N12: JOSE NAVARRO CAREAGA | O12: 50RBP | P12: 24HRS | Q12: NO | S12: REGIONES - COSTA SUR | T12: NO
C13: 50JIO | D13: APOQUINDO 7 | E13: APOQUINDO 7 | F13: 8.45 | G13: Abierta | H13: TMCB | I13: SESA DIEGO MIGUEL | J13: GAMERRE URZUA CECILIA | K13: NO | L13: LAS CONDES | M13: METROPOLITANA | N13: PALOMARES MAIKEL | O13: 50JIO | P13: 24HRS | Q13: NO | S13: EJE APOQUINDO | T13: NO
C14: 50OMQ | D14: MANQUEHUE | E14: OKM MANQUEHUE SUR | F14: =10.58 -> 10.58 | G14: Abierta | H14: TMCB | I14: BRESCIA RIVERA RODRIGO | J14: BENITEZ QUILODRAN HUGO | K14: NO | L14: LAS CONDES | M14: METROPOLITANA | N14: GOMEZ FLORES JAVIERA | O14: 50OMQ | P14: 24HRS | Q14: NO | S14: LAS CONDES - PROVIDENCIA SUR | T14: NO
C15: 50OMS | D15: MANUEL DE LA LASTRA | E15: OKM MANUEL DE LA LASTRA | F15: 10.13 | G15: Abierta | H15: TMCB | I15: BRESCIA RIVERA RODRIGO | J15: BENITEZ QUILODRAN HUGO | K15: NO | L15: LA REINA | M15: METROPOLITANA | N15: GOMEZ FLORES JAVIERA | O15: 50OMS | P15: 24HRS | Q15: NO | S15: LAS CONDES - PROVIDENCIA SUR | T15: NO
C16: 506J4 | D16: PORTUGAL | E16: PORTUGAL | F16: 8.68 | G16: Abierta | H16: TNM | I16: BRESCIA RIVERA RODRIGO | J16: LIAZ MONTERO GABRIEL | K16: NO | L16: SANTIAGO | M16: METROPOLITANA | N16: JOSE NAVARRO CAREAGA | O16: 506J4 | P16: 24HRS | Q16: NO | S16: SANTIAGO CENTRO | T16: NO
C17: 50OEY | D17: ELIODORO YANEZ 2 | E17: ELIODORO YAÑEZ 2 | F17: 8.9 | G17: Abierta | H17: TMCB | I17: BRESCIA RIVERA RODRIGO | J17: LOPEZ MEZA LUIS JOSÉ | K17: NO | L17: PROVIDENCIA | M17: METROPOLITANA | N17: PALOMARES MAIKEL | O17: 50OEY | P17: 24HRS | Q17: NO | S17: EJE PROVIDENCIA | T17: NO
C18: 50RNT | D18: ROSARIO NORTE | E18: ROSARIO NORTE | F18: 8 | G18: Abierta | H18: TMCB | I18: SESA DIEGO MIGUEL | J18: GAMERRE URZUA CECILIA | K18: NO | L18: LAS CONDES | M18: METROPOLITANA | N18: PALOMARES MAIKEL | O18: 50RNT | P18: 12HRS | Q18: NO | S18: EJE APOQUINDO | T18: NO
C19: 50DKO | D19: METRO FRANKLIN | E19: METRO FRANKLIN | F19: 7 | G19: Abierta | H19: TMCB | I19: BRESCIA RIVERA RODRIGO | J19: RODRIGUEZ ABREU ROSA | K19: NO | L19: SANTIAGO | M19: METROPOLITANA | N19: QUINTANA VICUÑA SANTIAGO | O19: 50DKO | P19: 12HRS | Q19: NO | S19: METRO | T19: NO
C20: 50DSH | D20: METRO NUNOA | E20: METRO ÑUÑOA | F20: 7.45 | G20: Abierta | H20: TMCB | I20: BRESCIA RIVERA RODRIGO | J20: RODRIGUEZ ABREU ROSA | K20: NO | L20: ÑUÑOA | M20: METROPOLITANA | N20: QUINTANA VICUÑA SANTIAGO | O20: 50DSH | P20: 12HRS | Q20: NO | S20: METRO | T20: NO
C21: 50GJS | D21: METRO LOS LEONES | E21: METRO LOS LEONES | F21: 6.16 | G21: Abierta | H21: TMCB | I21: BRESCIA RIVERA RODRIGO | J21: RODRIGUEZ ABREU ROSA | K21: NO | L21: PROVIDENCIA | M21: METROPOLITANA | N21: QUINTANA VICUÑA SANTIAGO | O21: 50GJS | P21: 12HRS | Q21: NO | S21: METRO | T21: NO | U21: ONE TIME
C22: 50OPI | D22: PLAZA ITALIA | E22: OKM PLAZA ITALIA | F22: 8.45 | G22: Abierta | H22: TMCB | I22: BRESCIA RIVERA RODRIGO | J22: LOPEZ MEZA LUIS JOSÉ | K22: NO | L22: PROVIDENCIA | M22: METROPOLITANA | N22: PALOMARES MAIKEL | O22: 50OPI | P22: 12HRS | Q22: NO | S22: EJE PROVIDENCIA | T22: NO
C23: 50KOA | D23: LUIS PASTEUR | E23: LUIS PASTEUR | F23: 7 | G23: Abierta | H23: TMCB | I23: BRESCIA RIVERA RODRIGO | J23: MENDOZA GIL BREYNER JOSE | K23: NO | L23: VITACURA | M23: METROPOLITANA | N23: PALOMARES MAIKEL | O23: 50KOA | P23: 12HRS | Q23: NO | S23: VITACURA - NORTE | T23: NO
C24: 50NRA | D24: APOQUINDO 2 | E24: APOQUINDO 2 | F24: 7 | G24: Abierta | H24: TMCB | I24: SESA DIEGO MIGUEL | J24: GAMERRE URZUA CECILIA | K24: NO | L24: LAS CONDES | M24: METROPOLITANA | N24: PALOMARES MAIKEL | O24: 50NRA | P24: 12HRS | Q24: NO | S24: EJE APOQUINDO | T24: NO
C25: 50OAM | D25: OKM MALL ARAUCO MAIPU | E25: OKM MALL ARAUCO MAIPU K166 CAJAS | F25: =5.45+0.34 -> 5.79 | G25: Abierta | H25: TMCB | I25: BRESCIA RIVERA RODRIGO | J25: PINERUA JAIMES JESUS | K25: NO | L25: MAIPÚ | M25: METROPOLITANA | N25: GOMEZ FLORES JAVIERA | O25: 50OAM | P25: 12HRS | Q25: NO | S25: SANTIAGO SURPONIENTE | T25: NO
C26: 50OJJ | D26: BADAJOZ | E26: BADAJOZ CLP | F26: 6.68 | G26: Abierta | H26: TMCB | I26: SESA DIEGO MIGUEL | J26: GAMERRE URZUA CECILIA | K26: NO | L26: LAS CONDES | M26: METROPOLITANA | N26: PALOMARES MAIKEL | O26: 50OJJ | P26: 12HRS | Q26: NO | S26: EJE APOQUINDO | T26: NO
C27: 50VKK | D27: ALCANTARA 1 | E27: ALCANTARA 1 | F27: 7 | G27: Abierta | H27: TMCB | I27: BRESCIA RIVERA RODRIGO | J27: BENITEZ QUILODRAN HUGO | K27: NO | L27: LAS CONDES | M27: METROPOLITANA | N27: GOMEZ FLORES JAVIERA | O27: 50VKK | P27: 12HRS | Q27: NO | S27: LAS CONDES - PROVIDENCIA SUR | T27: NO
C28: 50OMC | D28: MACUL | E28: OKM MACUL | F28: 8.68 | G28: Abierta | H28: TMCB | I28: BRESCIA RIVERA RODRIGO | J28: PINERUA JAIMES JESUS | K28: NO | L28: MACUL | M28: METROPOLITANA | N28: GOMEZ FLORES JAVIERA | O28: 50OMC | P28: 12HRS | Q28: NO | S28: SANTIAGO SURPONIENTE | T28: NO
C29: 50UMT | D29: LYON 3 | E29: LYON 3 | F29: 7 | G29: Abierta | H29: TMCB | I29: BRESCIA RIVERA RODRIGO | J29: BARRIOS BAPTISTA JUAN JOSE | K29: NO | L29: PROVIDENCIA | M29: METROPOLITANA | N29: JOSE NAVARRO CAREAGA | O29: 50UMT | P29: 12HRS | Q29: NO | S29: PROVIDENCIA | T29: NO
C30: 50EDF | D30: EJERCITO ALAMEDA | E30: EJERCITO ALAMEDA | F30: 7 | G30: Abierta | H30: TMCB | I30: BRESCIA RIVERA RODRIGO | J30: LIAZ MONTERO GABRIEL | K30: SI | L30: SANTIAGO | M30: METROPOLITANA | N30: JOSE NAVARRO CAREAGA | O30: 50EDF | P30: 12HRS | Q30: NO | S30: SANTIAGO CENTRO | T30: NO
C31: 50HCL | D31: ALCANTARA 2 | E31: ALCANTARA 2 | F31: 7 | G31: Abierta | H31: TMCB | I31: SESA DIEGO MIGUEL | J31: GAMERRE URZUA CECILIA | K31: NO | L31: LAS CONDES | M31: METROPOLITANA | N31: PALOMARES MAIKEL | O31: 50HCL | P31: 12HRS | Q31: NO | S31: EJE APOQUINDO | T31: NO
C32: 50OLS | D32: LUIS CARRERA | E32: LUIS CARRERA | F32: 7 | G32: Abierta | H32: TMCB | I32: BRESCIA RIVERA RODRIGO | J32: MENDOZA GIL BREYNER JOSE | K32: NO | L32: VITACURA | M32: METROPOLITANA | N32: PALOMARES MAIKEL | O32: 50OLS | P32: 12HRS | Q32: NO | S32: VITACURA - NORTE | T32: NO
C33: 50OTP | D33: TOBALABA 1 | E33: OKM TOBALABA | F33: 7 | G33: Abierta | H33: TMCB | I33: BRESCIA RIVERA RODRIGO | J33: MONTT FUENTES JAIME IGNACIO | K33: NO | L33: LAS CONDES | M33: METROPOLITANA | N33: QUINTANA VICUÑA SANTIAGO | O33: 50OTP | P33: 12HRS | Q33: NO | S33: LAS CONDES NORTE | T33: NO
C34: 50OAL | D34: ALAMEDA 1 | E34: OKM ALAMEDA | F34: 7 | G34: Abierta | H34: TMCB | I34: BRESCIA RIVERA RODRIGO | J34: LIAZ MONTERO GABRIEL | K34: NO | L34: SANTIAGO | M34: METROPOLITANA | N34: JOSE NAVARRO CAREAGA | O34: 50OAL | P34: 12HRS | Q34: NO | S34: SANTIAGO CENTRO | T34: NO | U34: ONE TIME
C35: 50UCH | D35: METRO U DE CHILE | E35: METRO U DE CHILE | F35: 6.68 | G35: Transformación | H35: TMCB | I35: BRESCIA RIVERA RODRIGO | J35: RODRIGUEZ ABREU ROSA | L35: SANTIAGO | M35: METROPOLITANA | N35: QUINTANA VICUÑA SANTIAGO | O35: 50UCH | P35: 12HRS | Q35: NO | S35: METRO | T35: NO
C36: 50ARD | D36: NUNOA | E36: ÑUÑOA | F36: 6 | G36: Abierta | H36: TMCB | I36: BRESCIA RIVERA RODRIGO | J36: RUIZ FERRER VANNA | K36: NO | L36: ÑUÑOA | M36: METROPOLITANA | N36: QUINTANA VICUÑA SANTIAGO | O36: 50ARD | P36: 12HRS | Q36: NO | S36: EJE IRARRAZAVAL | T36: NO
C37: 50ARE | D37: COLON 1 | E37: COLON 1 | F37: 6 | G37: Abierta | H37: TMCB | I37: BRESCIA RIVERA RODRIGO | J37: BENITEZ QUILODRAN HUGO | K37: NO | L37: LAS CONDES | M37: METROPOLITANA | N37: GOMEZ FLORES JAVIERA | O37: 50ARE | P37: 12HRS | Q37: NO | S37: LAS CONDES - PROVIDENCIA SUR | T37: NO
C38: 50CPN | D38: CARLOS PENA | E38: CARLOS PEÑA | F38: 6 | G38: Abierta | H38: TMCB | I38: BRESCIA RIVERA RODRIGO | J38: ARAYA BURGOS ARIEL | K38: NO | L38: LAS CONDES | M38: METROPOLITANA | N38: GOMEZ FLORES JAVIERA | O38: 50CPN | P38: 12HRS | Q38: NO | S38: SANTIAGO ORIENTE | T38: NO
C39: 50HSP | D39: HOSPITALES | E39: HOSPITALES | F39: 6 | G39: Abierta | H39: TMCB | I39: BRESCIA RIVERA RODRIGO | J39: PINERUA JAIMES JESUS | K39: NO | L39: INDEPENDENCIA | M39: METROPOLITANA | N39: GOMEZ FLORES JAVIERA | O39: 50HSP | P39: 12HRS | Q39: NO | S39: SANTIAGO SURPONIENTE | T39: NO
C40: 50NMT | D40: EL GOLF | E40: EL GOLF | F40: 5 | G40: Abierta | H40: TMCB | I40: SESA DIEGO MIGUEL | J40: GAMERRE URZUA CECILIA | K40: NO | L40: LAS CONDES | M40: METROPOLITANA | N40: PALOMARES MAIKEL | O40: 50NMT | P40: 12HRS | Q40: NO | S40: EJE APOQUINDO | T40: NO
C41: 50OCH | D41: CACHAGUA | E41: OKM CACHAGUA | F41: 5 | G41: Abierta | H41: TMCB | I41: SESA DIEGO MIGUEL | J41: ESCOBAR VALDES VALESKA SOLEDAD | K41: SI | L41: ZAPALLAR | M41: VALPARAISO | N41: JOSE NAVARRO CAREAGA | O41: 50OCH | P41: 12HRS | Q41: NO | S41: REGIONES - COSTA NORTE | T41: NO
C42: 50OEM | D42: OKM CIUDAD EMPRESARIAL | E42: OKM CIUDAD EMPRESARIAL | F42: - | G42: CIERRE DEFINITIVO | H42: TMCB OKM | I42: BRESCIA RIVERA RODRIGO | J42: 0 | L42: HUECHURABA | M42: METROPOLITANA | N42: 0 | O42: 50OEM | P42: 12HRS | Q42: NO | S42: 0 | T42: NO
C43: 50OIR | D43: OKM IRARRAZAVAL | E43: OKM IRARRAZAVAL K070 CAJAS | F43: 6 | G43: CIERRE DEFINITIVO | H43: TMCB | I43: BRESCIA RIVERA RODRIGO | J43: RUIZ FERRER VANNA | L43: ÑUÑOA | M43: METROPOLITANA | N43: QUINTANA VICUÑA SANTIAGO | O43: 50OIR | P43: 12HRS | Q43: NO | S43: EJE IRARRAZAVAL | T43: NO
C44: 50OPD | D44: PROVIDENCIA - CONDELL | E44: OKM PROVIDENCIA | F44: 5 | G44: Abierta | H44: TMCB | I44: BRESCIA RIVERA RODRIGO | J44: LOPEZ MEZA LUIS JOSÉ | K44: NO | L44: PROVIDENCIA | M44: METROPOLITANA | N44: PALOMARES MAIKEL | O44: 50OPD | P44: 12HRS | Q44: NO | S44: EJE PROVIDENCIA | T44: NO
C45: 50OQU | D45: OKM QUINTA | E45: OKM QUINTA K034 CAJAS | F45: 6 | G45: Abierta | H45: TMCB | I45: SESA DIEGO MIGUEL | J45: ESCOBAR VALDES VALESKA SOLEDAD | K45: SI | L45: VIÑA DEL MAR | M45: VALPARAISO | N45: JOSE NAVARRO CAREAGA | O45: 50OQU | P45: 12HRS | Q45: NO | S45: REGIONES - COSTA SUR | T45: NO
C46: 50OZA | D46: ZAPALLAR | E46: OKM ZAPALLAR | F46: 5 | G46: Abierta | H46: TMCB | I46: SESA DIEGO MIGUEL | J46: ESCOBAR VALDES VALESKA SOLEDAD | K46: SI | L46: ZAPALLAR | M46: VALPARAISO | N46: JOSE NAVARRO CAREAGA | O46: 50OZA | P46: 12HRS | Q46: NO | S46: REGIONES - COSTA NORTE | T46: NO
C47: 50SLM | D47: APOQUINDO 4 | E47: APOQUINDO 4 | F47: 6 | G47: Abierta | H47: TMCB | I47: SESA DIEGO MIGUEL | J47: GAMERRE URZUA CECILIA | K47: NO | L47: LAS CONDES | M47: METROPOLITANA | N47: PALOMARES MAIKEL | O47: 50SLM | P47: 12HRS | Q47: NO | S47: EJE APOQUINDO | T47: NO
C48: 50VLX | D48: APOQUINDO 1 | E48: APOQUINDO 1 | F48: 6 | G48: Abierta | H48: TMCB | I48: SESA DIEGO MIGUEL | J48: GAMERRE URZUA CECILIA | K48: NO | L48: LAS CONDES | M48: METROPOLITANA | N48: PALOMARES MAIKEL | O48: 50VLX | P48: 12HRS | Q48: NO | S48: EJE APOQUINDO | T48: NO
C49: 50VOP | D49: SAN DAMIAN | E49: SAN DAMIAN | F49: 8.34 | G49: Abierta | H49: TMCB | I49: BRESCIA RIVERA RODRIGO | J49: ARAYA BURGOS ARIEL | K49: NO | L49: LAS CONDES | M49: METROPOLITANA | N49: GOMEZ FLORES JAVIERA | O49: 50VOP | P49: 12HRS | Q49: NO | S49: SANTIAGO ORIENTE | T49: NO
C50: 5033F | D50: VITACURA RIESCO | E50: VITACURARIESCO | F50: 5.56 | G50: Abierta | H50: TMCB | I50: BRESCIA RIVERA RODRIGO | J50: MENDOZA GIL BREYNER JOSE | K50: NO | L50: LAS CONDES | M50: METROPOLITANA | N50: PALOMARES MAIKEL | O50: 5033F | P50: 12HRS | Q50: NO | S50: VITACURA - NORTE | T50: NO
C51: 50BJT | D51: HUECHURABA | E51: HUECHURABA | F51: =6.45+0.56 -> 7.01 | G51: Abierta | H51: TMCB | I51: BRESCIA RIVERA RODRIGO | J51: MENDOZA GIL BREYNER JOSE | K51: NO | L51: HUECHURABA | M51: METROPOLITANA | N51: PALOMARES MAIKEL | O51: 50BJT | P51: 12HRS | Q51: NO | S51: VITACURA - NORTE | T51: NO
C52: 50BPT | D52: ECUADOR PURISIMA | E52: ECUADOR PURISIMA | F52: - | G52: CIERRE DEFINITIVO | H52: TMCB | I52: BRESCIA RIVERA RODRIGO | J52: 0 | L52: ESTACIÓN CENTRAL | M52: METROPOLITANA | N52: 0 | O52: 50BPT | P52: 12HRS | Q52: NO | S52: 0 | T52: NO
C53: 50BRI | D53: LAS BRISAS | E53: LAS BRISAS | F53: 10 | G53: Abierta | H53: TMCB | I53: BRESCIA RIVERA RODRIGO | J53: MENDOZA GIL BREYNER JOSE | K53: NO | L53: COLINA | M53: METROPOLITANA | N53: PALOMARES MAIKEL | O53: 50BRI | P53: 24HRS | Q53: NO | S53: VITACURA - NORTE | T53: NO
C54: 50CLC | D54: CLINICA LAS CONDES | E54: CLINICA LAS CONDES | F54: 6 | G54: Abierta | H54: TMCB | I54: BRESCIA RIVERA RODRIGO | J54: ARAYA BURGOS ARIEL | K54: NO | L54: LAS CONDES | M54: METROPOLITANA | N54: GOMEZ FLORES JAVIERA | O54: 50CLC | P54: 12HRS | Q54: NO | S54: SANTIAGO ORIENTE | T54: NO
C55: 50CQD | D55: MARCHANT PEREIRA | E55: MARCHANT PEREIRA | F55: 6 | G55: Abierta | H55: TMCB | I55: BRESCIA RIVERA RODRIGO | J55: LOPEZ MEZA LUIS JOSÉ | K55: NO | L55: PROVIDENCIA | M55: METROPOLITANA | N55: PALOMARES MAIKEL | O55: 50CQD | P55: 12HRS | Q55: NO | S55: EJE PROVIDENCIA | T55: NO
C56: 50HEN | D56: HENDAYA | E56: HENDAYA | F56: 5 | G56: Abierta | H56: TMCB | I56: BRESCIA RIVERA RODRIGO | J56: MONTT FUENTES JAIME IGNACIO | K56: NO | L56: LAS CONDES | M56: METROPOLITANA | N56: QUINTANA VICUÑA SANTIAGO | O56: 50HEN | P56: 12HRS | Q56: NO | S56: LAS CONDES NORTE | T56: NO
C57: 50HIS | D57: PLAZA SOTOMAYOR VALPARAISO | E57: PLAZA SOTOMAYOR VALPARAISO | F57: 9 | G57: Abierta | H57: TMCB | I57: SESA DIEGO MIGUEL | J57: ESCOBAR VALDES VALESKA SOLEDAD | K57: SI | L57: VALPARAÍSO | M57: VALPARAISO | N57: JOSE NAVARRO CAREAGA | O57: 50HIS | P57: 24HRS | Q57: NO | S57: REGIONES - COSTA SUR | T57: NO
C58: 50NBN | D58: BILBAO MONTT | E58: BILBAO - MONTT | F58: 5 | G58: Abierta | H58: TMCB | I58: BRESCIA RIVERA RODRIGO | J58: BARRIOS BAPTISTA JUAN JOSE | K58: NO | L58: PROVIDENCIA | M58: METROPOLITANA | N58: JOSE NAVARRO CAREAGA | O58: 50NBN | P58: 12HRS | Q58: NO | S58: PROVIDENCIA | T58: NO
C59: 50OCT | D59: NORUEGA | E59: NORUEGA | F59: 6 | G59: Abierta | H59: TMCB | I59: BRESCIA RIVERA RODRIGO | J59: BENITEZ QUILODRAN HUGO | K59: NO | L59: LAS CONDES | M59: METROPOLITANA | N59: GOMEZ FLORES JAVIERA | O59: 50OCT | P59: 12HRS | Q59: NO | S59: LAS CONDES - PROVIDENCIA SUR | T59: NO
C60: 50OPH | D60: GUARDIA VIEJA | E60: GUARDIA VIEJA | F60: 5 | G60: Abierta | H60: TMCB | I60: BRESCIA RIVERA RODRIGO | J60: LOPEZ MEZA LUIS JOSÉ | K60: NO | L60: PROVIDENCIA | M60: METROPOLITANA | N60: PALOMARES MAIKEL | O60: 50OPH | P60: 12HRS | Q60: NO | S60: EJE PROVIDENCIA | T60: NO
C61: 50XUH | D61: MATTE PEREZ | E61: MATTE PEREZ CLP | F61: 6 | G61: Abierta | H61: TMCB | I61: BRESCIA RIVERA RODRIGO | J61: BARRIOS BAPTISTA JUAN JOSE | K61: NO | L61: PROVIDENCIA | M61: METROPOLITANA | N61: JOSE NAVARRO CAREAGA | O61: 50XUH | P61: 12HRS | Q61: NO | S61: PROVIDENCIA | T61: NO
C62: 508R8 | D62: METRO TOBALABA | E62: METRO TOBALABA | F62: 6.16 | G62: Abierta | H62: TNM | I62: BRESCIA RIVERA RODRIGO | J62: RODRIGUEZ ABREU ROSA | K62: NO | L62: PROVIDENCIA | M62: METROPOLITANA | N62: QUINTANA VICUÑA SANTIAGO | O62: 508R8 | P62: 12HRS | Q62: NO | S62: METRO | T62: NO | U62: ONE TIME
C63: 50EFO | D63: ENRIQUE FOSTER | E63: ENRIQUE FOSTER | F63: 5 | G63: Abierta | H63: TMCB | I63: SESA DIEGO MIGUEL | J63: GAMERRE URZUA CECILIA | K63: NO | L63: LAS CONDES | M63: METROPOLITANA | N63: PALOMARES MAIKEL | O63: 50EFO | P63: 12HRS | Q63: NO | S63: EJE APOQUINDO | T63: NO
C64: 50MPC | D64: METRO CAL Y CANTO | E64: METRO CAL Y CANTO | F64: 6 | G64: Abierta | H64: TMCB | I64: BRESCIA RIVERA RODRIGO | J64: RODRIGUEZ ABREU ROSA | K64: NO | L64: SANTIAGO | M64: METROPOLITANA | N64: QUINTANA VICUÑA SANTIAGO | O64: 50MPC | P64: 12HRS | Q64: NO | S64: METRO | T64: NO
C65: 50ONL | D65: NUEVA LAS CONDES 2 | E65: OKM NUEVA LAS CONDES 2 | F65: 6 | G65: Abierta | H65: TMCB | I65: BRESCIA RIVERA RODRIGO | J65: MONTT FUENTES JAIME IGNACIO | K65: NO | L65: LAS CONDES | M65: METROPOLITANA | N65: QUINTANA VICUÑA SANTIAGO | O65: 50ONL | P65: 12HRS | Q65: NO | S65: LAS CONDES NORTE | T65: NO
C66: 50ORN | D66: ROSARIO NORTE 2 | E66: OXXO ROSARIO NORTE 2 (Ex OKM) | F66: 6 | G66: Abierta | H66: TMCB | I66: BRESCIA RIVERA RODRIGO | J66: MONTT FUENTES JAIME IGNACIO | K66: NO | L66: LAS CONDES | M66: METROPOLITANA | N66: QUINTANA VICUÑA SANTIAGO | O66: 50ORN | P66: 12HRS | Q66: NO | S66: LAS CONDES NORTE | T66: NO
C67: 50Q3X | D67: PATIO BELLAVISTA | E67: PATIO BELLAVISTA | F67: 5 | G67: Abierta | H67: TMCB | I67: BRESCIA RIVERA RODRIGO | J67: LOPEZ MEZA LUIS JOSÉ | K67: NO | L67: PROVIDENCIA | M67: METROPOLITANA | N67: PALOMARES MAIKEL | O67: 50Q3X | P67: 12HRS | Q67: NO | S67: EJE PROVIDENCIA | T67: NO
C68: 50UXA | D68: LA PLAZA | E68: LA PLAZA | F68: 5 | G68: Abierta | H68: TMCB | I68: BRESCIA RIVERA RODRIGO | J68: ARAYA BURGOS ARIEL | K68: NO | L68: LAS CONDES | M68: METROPOLITANA | N68: GOMEZ FLORES JAVIERA | O68: 50UXA | P68: 12HRS | Q68: NO | S68: SANTIAGO ORIENTE | T68: NO
C69: 50OBN | D69: BROWN NORTE | E69: OKM BROWN NORTE | F69: 5 | G69: Abierta | H69: TMCB | I69: BRESCIA RIVERA RODRIGO | J69: RUIZ FERRER VANNA | K69: NO | L69: ÑUÑOA | M69: METROPOLITANA | N69: QUINTANA VICUÑA SANTIAGO | O69: 50OBN | P69: 12HRS | Q69: NO | S69: EJE IRARRAZAVAL | T69: NO
C70: 50OCA | D70: OKM CHACABUCO | E70: OKM CHACABUCO | F70: 5.04 | G70: Abierta | H70: TMCB | I70: SESA DIEGO MIGUEL | J70: ZAMBRANO JARA CAROLINA GRACIELA | L70: CONCEPCIÓN | M70: BIOBIO | N70: PALOMARES MAIKEL | O70: 50OCA | P70: 12HRS | Q70: NO | S70: REGIONES SUR | T70: NO
C71: 50OCO | D71: OKM CHICUREO | E71: OKM CHICUREO | F71: =5.04+0.56 -> 5.6 | G71: Abierta | H71: TMCB | I71: BRESCIA RIVERA RODRIGO | J71: MENDOZA GIL BREYNER JOSE | K71: NO | L71: COLINA | M71: METROPOLITANA | N71: PALOMARES MAIKEL | O71: 50OCO | P71: 12HRS | Q71: NO | S71: VITACURA - NORTE | T71: NO | U71: ONE TIME
C72: 50OCR | D72: CHESTERTON 2 | E72: OKM CHESTERTON | F72: =5.9+0.68 -> 6.58 | G72: Abierta | H72: TMCB | I72: BRESCIA RIVERA RODRIGO | J72: BENITEZ QUILODRAN HUGO | K72: NO | L72: LAS CONDES | M72: METROPOLITANA | N72: GOMEZ FLORES JAVIERA | O72: 50OCR | P72: 12HRS | Q72: NO | S72: LAS CONDES - PROVIDENCIA SUR | T72: NO
C73: 50ODA | D73: OKM DIEGO DE ALMAGRO | E73: OKM DIEGO DE ALMAGRO | F73: - | G73: CIERRE DEFINITIVO | H73: TMCB OKM | I73: BRESCIA RIVERA RODRIGO | J73: RODRIGUEZ ABREU ROSA | L73: PROVIDENCIA | M73: METROPOLITANA | N73: QUINTANA VICUÑA SANTIAGO | O73: 50ODA | P73: 12HRS | Q73: NO | S73: 0 | T73: NO
C74: 50ODP | D74: OKM DIEGO PORTALES | E74: OKM DIEGO PORTALES | F74: - | G74: CIERRE TEMPORAL | H74: TMCB OKM | I74: BRESCIA RIVERA RODRIGO | J74: 0 | L74: VIÑA DEL MAR | M74: VALPARAISO | N74: 0 | O74: 50ODP | P74: 12HRS | Q74: NO | S74: 0 | T74: NO
C75: 50OEP | D75: OKM ELIECER PARADA | E75: OKM ELIECER PARADA | F75: 6.28 | G75: Abierta | H75: TMCB | I75: BRESCIA RIVERA RODRIGO | J75: BENITEZ QUILODRAN HUGO | K75: NO | L75: ÑUÑOA | M75: METROPOLITANA | N75: GOMEZ FLORES JAVIERA | O75: 50OEP | P75: 12HRS | Q75: NO | S75: LAS CONDES - PROVIDENCIA SUR | T75: NO | U75: ONE TIME
C76: 50OER | D76: OKM EL RODEO | E76: OKM EL RODEO K022 CAJAS | F76: 6.45 | G76: Abierta | H76: TMCB | I76: BRESCIA RIVERA RODRIGO | J76: ARAYA BURGOS ARIEL | K76: NO | L76: LO BARNECHEA | M76: METROPOLITANA | N76: GOMEZ FLORES JAVIERA | O76: 50OER | P76: 12HRS | Q76: NO | S76: SANTIAGO ORIENTE | T76: NO
C77: 50OHM | D77: OKM HERNANDO DE MAGALLANES | E77: OKM HERNANDO DE MAGALLANES K131 CAJAS | F77: 5.45 | G77: Abierta | H77: TMCB | I77: BRESCIA RIVERA RODRIGO | J77: BENITEZ QUILODRAN HUGO | K77: NO | L77: LAS CONDES | M77: METROPOLITANA | N77: GOMEZ FLORES JAVIERA | O77: 50OHM | P77: 12HRS | Q77: NO | S77: LAS CONDES - PROVIDENCIA SUR | T77: NO
C78: 50OIN | D78: LOS INGLESES | E78: OKM LOS INGLESES | F78: 6.45 | G78: Abierta | H78: TMCB | I78: BRESCIA RIVERA RODRIGO | J78: MENDOZA GIL BREYNER JOSE | K78: NO | L78: COLINA | M78: METROPOLITANA | N78: PALOMARES MAIKEL | O78: 50OIN | P78: 12HRS | Q78: NO | S78: VITACURA - NORTE | T78: NO
C79: 50OKA | D79: OKM ACACIOS | E79: OKM ACACIOS | F79: 5.04 | G79: Abierta | H79: TMCB | I79: SESA DIEGO MIGUEL | J79: ZAMBRANO JARA CAROLINA GRACIELA | K79: NO | L79: SAN PEDRO DE LA PAZ | M79: BIOBIO | N79: PALOMARES MAIKEL | O79: 50OKA | P79: 12HRS | Q79: NO | S79: REGIONES SUR | T79: NO | U79: ONE TIME
C80: 50OLT | D80: OKM SUECIA | E80: OKM SUECIA K049 CAJAS | F80: 5.6 | G80: Abierta | H80: TMCB | I80: BRESCIA RIVERA RODRIGO | J80: BARRIOS BAPTISTA JUAN JOSE | K80: NO | L80: PROVIDENCIA | M80: METROPOLITANA | N80: JOSE NAVARRO CAREAGA | O80: 50OLT | P80: 12HRS | Q80: NO | S80: PROVIDENCIA | T80: NO | U80: ONE TIME
C81: 50OMN | D81: OKM MORANDE | E81: OKM MORANDE | F81: - | G81: CIERRE DEFINITIVO | H81: TMCB OKM | I81: BRESCIA RIVERA RODRIGO | J81: LOPEZ CALDERON LUIS GERARDO | L81: SANTIAGO | M81: METROPOLITANA | N81: PALOMARES MAIKEL | O81: 50OMN | P81: 12HRS | Q81: NO | S81: 0 | T81: NO
C82: 50OMZ | D82: MARTIN DE ZAMORA 2 | E82: OKM MARTIN DE ZAMORA | F82: 5.45 | G82: Abierta | H82: TMCB | I82: BRESCIA RIVERA RODRIGO | J82: BENITEZ QUILODRAN HUGO | K82: NO | L82: LAS CONDES | M82: METROPOLITANA | N82: GOMEZ FLORES JAVIERA | O82: 50OMZ | P82: 12HRS | Q82: NO | S82: LAS CONDES - PROVIDENCIA SUR | T82: NO
C83: 50OPM | D83: OKM METRO PLAZA MAIPU | E83: OKM METRO PLAZA MAIPÚ | F83: 6 | G83: Abierta | H83: TMCB | I83: BRESCIA RIVERA RODRIGO | J83: RODRIGUEZ ABREU ROSA | K83: NO | L83: MAIPÚ | M83: METROPOLITANA | N83: QUINTANA VICUÑA SANTIAGO | O83: 50OPM | P83: 12HRS | Q83: NO | S83: METRO | T83: NO
C84: 50OQH | D84: OKM QUINCHAMALI | E84: OKM QUINCHAMALI K021 CAJAS | F84: 5.9 | G84: Cierre | H84: TMCB | I84: BRESCIA RIVERA RODRIGO | J84: ARAYA BURGOS ARIEL | K84: NO | L84: LAS CONDES | M84: METROPOLITANA | N84: GOMEZ FLORES JAVIERA | O84: 50OQH | P84: 12HRS | Q84: NO | S84: SANTIAGO ORIENTE | T84: NO | V84: SE DISMINUYE A PARTIR DE DICIEMBRE UN FULL, QUEDANDO EN 5,9
C85: 50ORC | D85: OKM RECREO I | E85: OKM RECREO 1 | F85: 6.9 | G85: Abierta | H85: TMCB | I85: SESA DIEGO MIGUEL | J85: ESCOBAR VALDES VALESKA SOLEDAD | K85: SI | L85: VIÑA DEL MAR | M85: VALPARAISO | N85: JOSE NAVARRO CAREAGA | O85: 50ORC | P85: 12HRS | Q85: NO | S85: REGIONES - COSTA SUR | T85: NO
C86: 50ORI | D86: RIESCO 2 | E86: OKM RIESCO | F86: 5.9 | G86: Transformación | H86: TMCB | I86: BRESCIA RIVERA RODRIGO | J86: MONTT FUENTES JAIME IGNACIO | L86: LAS CONDES | M86: METROPOLITANA | N86: QUINTANA VICUÑA SANTIAGO | O86: 50ORI | P86: 12HRS | Q86: NO | S86: LAS CONDES NORTE | T86: NO
C87: 50ORM | D87: RENACA 2 | E87: OKM REÑACA 2 | F87: 8 | G87: Abierta | H87: TMCB | I87: SESA DIEGO MIGUEL | J87: ESCOBAR VALDES VALESKA SOLEDAD | K87: SI | L87: VIÑA DEL MAR | M87: VALPARAISO | N87: JOSE NAVARRO CAREAGA | O87: 50ORM | P87: 24HRS | Q87: NO | S87: REGIONES - COSTA NORTE | T87: NO
C88: 50OSB | D88: SIMON BOLIVAR 2 | E88: OKM SIMÓN BOLIVAR | F88: - | G88: CIERRE DEFINITIVO | H88: TMCB OKM | I88: BRESCIA RIVERA RODRIGO | J88: GAMERRE URZUA CECILIA | L88: ÑUÑOA | M88: METROPOLITANA | N88: PALOMARES MAIKEL | O88: 50OSB | P88: 12HRS | Q88: NO | S88: 0 | T88: NO
C89: 50OSC | D89: OKM SANTA BLANCA | E89: OKM SANTA BLANCA K004 CAJAS | F89: 7.9 | G89: Abierta | H89: TMCB | I89: BRESCIA RIVERA RODRIGO | J89: ARAYA BURGOS ARIEL | K89: NO | L89: LO BARNECHEA | M89: METROPOLITANA | N89: GOMEZ FLORES JAVIERA | O89: 50OSC | P89: 24HRS | Q89: NO | S89: SANTIAGO ORIENTE | T89: NO
C90: 50OST | D90: OKM SUBCENTRO | E90: OKM SUBCENTRO | F90: 5.45 | G90: Abierta | H90: TMCB | I90: BRESCIA RIVERA RODRIGO | J90: RODRIGUEZ ABREU ROSA | K90: NO | L90: LAS CONDES | M90: METROPOLITANA | N90: QUINTANA VICUÑA SANTIAGO | O90: 50OST | P90: 12HRS | Q90: NO | S90: METRO | T90: NO
C91: 50OTA | D91: TERMINAL ALAMEDA | E91: TERMINAL DE BUSES ALAMEDA | F91: 5 | G91: Abierta | H91: TMCB | I91: BRESCIA RIVERA RODRIGO | J91: PINERUA JAIMES JESUS | K91: NO | L91: ESTACIÓN CENTRAL | M91: METROPOLITANA | N91: GOMEZ FLORES JAVIERA | O91: 50OTA | P91: 12HRS | Q91: NO | S91: SANTIAGO SURPONIENTE | T91: NO
C92: 50OTO | D92: OKM TOESCA | E92: OKM TOESCA | F92: - | G92: CIERRE DEFINITIVO | H92: TMCB OKM | I92: BRESCIA RIVERA RODRIGO | J92: RIQUELME ESTAY ROBERTO | L92: SANTIAGO | M92: METROPOLITANA | N92: 0 | O92: 50OTO | P92: 12HRS | Q92: NO | S92: 0 | T92: NO
C93: 50OVL | D93: OKM VILLUCO | E93: OKM VILLUCO | F93: 6 | G93: Abierta | H93: TMCB | I93: SESA DIEGO MIGUEL | J93: ZAMBRANO JARA CAROLINA GRACIELA | L93: CHIGUAYANTE | M93: BIOBIO | N93: PALOMARES MAIKEL | O93: 50OVL | P93: 12HRS | Q93: NO | S93: REGIONES SUR | T93: NO
C94: 50BM6 | D94: JOSEFINA EDWARD | E94: JOSEFINA EDWARDS CLP | F94: 5 | G94: Abierta | H94: TMCB | I94: BRESCIA RIVERA RODRIGO | J94: LOPEZ MEZA LUIS JOSÉ | K94: NO | L94: PROVIDENCIA | M94: METROPOLITANA | N94: PALOMARES MAIKEL | O94: 50BM6 | P94: 12HRS | Q94: NO | S94: EJE PROVIDENCIA | T94: NO
C95: 50ORP | D95: REPUBLICA | E95: OKM REPÚBLICA | F95: 7 | G95: Abierta | H95: TMCB | I95: BRESCIA RIVERA RODRIGO | J95: LIAZ MONTERO GABRIEL | K95: SI | L95: SANTIAGO | M95: METROPOLITANA | N95: JOSE NAVARRO CAREAGA | O95: 50ORP | P95: 12HRS | Q95: NO | S95: SANTIAGO CENTRO | T95: NO
C96: 50ASM | D96: APOQUINDO SANTA MAGDALENA | E96: APOQUINDO SANTA MAGDALENA | F96: 5.45 | G96: Abierta | H96: TMCB | I96: SESA DIEGO MIGUEL | J96: GAMERRE URZUA CECILIA | K96: NO | L96: LAS CONDES | M96: METROPOLITANA | N96: PALOMARES MAIKEL | O96: 50ASM | P96: 12HRS | Q96: NO | S96: EJE APOQUINDO | T96: NO
C97: 50CRX | D97: APOQUINDO 6 | E97: APOQUINDO 6 | F97: 5.45 | G97: Abierta | H97: TMCB | I97: SESA DIEGO MIGUEL | J97: GAMERRE URZUA CECILIA | K97: NO | L97: LAS CONDES | M97: METROPOLITANA | N97: PALOMARES MAIKEL | O97: 50CRX | P97: 12HRS | Q97: NO | S97: EJE APOQUINDO | T97: NO
C98: 50DGG | D98: HERNANDO DE AGUIRRE | E98: HERNANDO DE AGUIRRE | F98: 6 | G98: Abierta | H98: TMCB | I98: BRESCIA RIVERA RODRIGO | J98: BARRIOS BAPTISTA JUAN JOSE | K98: NO | L98: PROVIDENCIA | M98: METROPOLITANA | N98: JOSE NAVARRO CAREAGA | O98: 50DGG | P98: 12HRS | Q98: NO | S98: PROVIDENCIA | T98: NO
C99: 50EER | D99: LAS CONDES 1 | E99: LAS CONDES 1 | F99: 5 | G99: Abierta | H99: TMCB | I99: SESA DIEGO MIGUEL | J99: GAMERRE URZUA CECILIA | K99: NO | L99: LAS CONDES | M99: METROPOLITANA | N99: PALOMARES MAIKEL | O99: 50EER | P99: 12HRS | Q99: NO | S99: EJE APOQUINDO | T99: NO
C100: 50GDL | D100: LOS COLIGUES | E100: LOS COLIGUES | F100: 5.45 | G100: Abierta | H100: TMCB | I100: BRESCIA RIVERA RODRIGO | J100: MENDOZA GIL BREYNER JOSE | K100: NO | L100: VITACURA | M100: METROPOLITANA | N100: PALOMARES MAIKEL | O100: 50GDL | P100: 12HRS | Q100: NO | S100: VITACURA - NORTE | T100: NO
C101: 50GKR | D101: PEDRO DE VALDIVIA 3 | E101: PEDRO DE VALDIVIA 3 | F101: 6 | G101: Abierta | H101: TMCB | I101: BRESCIA RIVERA RODRIGO | J101: BARRIOS BAPTISTA JUAN JOSE | K101: NO | L101: PROVIDENCIA | M101: METROPOLITANA | N101: JOSE NAVARRO CAREAGA | O101: 50GKR | P101: 12HRS | Q101: NO | S101: PROVIDENCIA | T101: NO
C102: 50HPU | D102: LUIS THAYER OJEDA | E102: LUIS THAYER OJEDA | F102: 5.45 | G102: Abierta | H102: TMCB | I102: BRESCIA RIVERA RODRIGO | J102: BARRIOS BAPTISTA JUAN JOSE | K102: NO | L102: PROVIDENCIA | M102: METROPOLITANA | N102: JOSE NAVARRO CAREAGA | O102: 50HPU | P102: 12HRS | Q102: NO | S102: PROVIDENCIA | T102: NO
C103: 50HZO | D103: TRISTAN MATTA | E103: TRISTAN MATTA | F103: 5 | G103: Abierta | H103: TMCB | I103: BRESCIA RIVERA RODRIGO | J103: PINERUA JAIMES JESUS | K103: NO | L103: SAN MIGUEL | M103: METROPOLITANA | N103: GOMEZ FLORES JAVIERA | O103: 50HZO | P103: 12HRS | Q103: NO | S103: SANTIAGO SURPONIENTE | T103: NO
C104: 50KJI | D104: SIMON BOLIVAR HAMBURGO | E104: SIMON BOLIVAR HAMBURGO | F104: 6.13 | G104: Abierta | H104: TMCB | I104: BRESCIA RIVERA RODRIGO | J104: BENITEZ QUILODRAN HUGO | K104: NO | L104: ÑUÑOA | M104: METROPOLITANA | N104: GOMEZ FLORES JAVIERA | O104: 50KJI | P104: 24HRS | Q104: NO | S104: LAS CONDES - PROVIDENCIA SUR | T104: NO
...

Sheet NOVIEMBRE_25
D2: =15/44 -> 0.34090909 | E2: 10.58 | F2: 9.45 | G2: =E2-F2 -> 1.13 | H2: =25/44 -> 0.56818182
C6: 1 | D6: =C6+1 -> 2 | E6: =D6+1 -> 3 | F6: =E6+1 -> 4 | G6: =F6+1 -> 5 | H6: =G6+1 -> 6 | I6: =H6+1 -> 7 | J6: =I6+1 -> 8 | K6: =J6+1 -> 9 | ... U6: =T6+1 -> 19 | V6: 20
C7: CECO | D7: NOMBRE MAESTRA | E7: GEO | F7: FTE AUT | G7: ESTADO RH | H7: ESTADO MAESTRA | I7: GENERACION | J7: JEFE OPERACIONES | K7: ASESOR TIENDA | L7: TIENDA ESTIVAL | M7: COMUNA | N7: REGION | O7: RECLUTADOR | P7: CECO | Q7: JORNADA OPERACIÓN | R7: PLAN RESCATE | S7: OBJETIVO VENTA | T7: MACROZONA | U7: TIENDA BATTING | V7: ONE TIME | W7: OBSERVACION
C8: 50GBU | D8: FRANCISCO DE AGUIRRE | E8: FRANCISCO DE AGUIRRE | F8: 11.68 | G8: Abierta | H8: =VLOOKUP(C8,[1]MAESTRA!$I$5:$J$399,2,0) -> cl-franciscodeaguirre@tiendas.oxxo.com | I8: TMCB | J8: BRESCIA RIVERA RODRIGO | K8: MENDOZA GIL BREYNER JOSE | L8: NO | M8: VITACURA | N8: METROPOLITANA | O8: JOSE NAVARRO CAREAGA | P8: 50GBU | Q8: 24HRS | R8: NO | T8: VITACURA - NORTE | U8: NO
C9: 50JMU | D9: LYON 1 | E9: LYON 1 | F9: 12 | G9: Abierta | H9: =VLOOKUP(C9,[1]MAESTRA!$I$5:$J$399,2,0) -> cl-lyon@tiendas.oxxo.com | I9: TMCB | J9: BRESCIA RIVERA RODRIGO | K9: BARRIOS BAPTISTA JUAN JOSE | L9: NO | M9: PROVIDENCIA | N9: METROPOLITANA | O9: JOSE NAVARRO CAREAGA | P9: 50JMU | Q9: 24HRS | R9: NO | T9: PROVIDENCIA | U9: NO
C10: 50OSP | D10: SAN PASCUAL | E10: OKM SAN PASCUAL | F10: 11.68 | G10: Abierta | H10: =VLOOKUP(C10,[1]MAESTRA!$I$5:$J$399,2,0) -> cl-sanpascual@tiendas.oxxo.com | I10: TMCB | J10: SESA DIEGO MIGUEL | K10: GAMERRE URZUA CECILIA | L10: NO | M10: LAS CONDES | N10: METROPOLITANA | O10: PALOMARES MAIKEL | P10: 50OSP | Q10: 24HRS | R10: NO | T10: EJE APOQUINDO | U10: NO
C11: 50OLI | D11: OKM LIBERTAD | E11: OKM VIÑA DEL MAR | F11: 10 | G11: Abierta | H11: =VLOOKUP(C11,[1]MAESTRA!$I$5:$J$399,2,0) -> cl-libertad2@tiendas.oxxo.com | I11: TMCB | J11: SESA DIEGO MIGUEL | K11: ESCOBAR VALDES VALESKA SOLEDAD | L11: SI | M11: VIÑA DEL MAR | N11: VALPARAISO | O11: PALOMARES MAIKEL | P11: 50OLI | Q11: 24HRS | R11: NO | T11: REGIONES - COSTA NORTE | U11: NO
C12: 50RBP | D12: LIMACHE VIANA | E12: LIMACHE VIANA | F12: 9 | G12: Abierta | H12: =VLOOKUP(C12,[1]MAESTRA!$I$5:$J$399,2,0) -> cl-limacheviana@tiendas.oxxo.com | I12: TMCB | J12: SESA DIEGO MIGUEL | K12: ESCOBAR VALDES VALESKA SOLEDAD | L12: SI | M12: VIÑA DEL MAR | N12: VALPARAISO | O12: PALOMARES MAIKEL | P12: 50RBP | Q12: 24HRS | R12: NO | T12: REGIONES - COSTA SUR | U12: NO
C13: 50JIO | D13: APOQUINDO 7 | E13: APOQUINDO 7 | F13: 8.45 | G13: Abierta | H13: =VLOOKUP(C13,[1]MAESTRA!$I$5:$J$399,2,0) -> cl-apoquindo7@tiendas.oxxo.com | I13: TMCB | J13: SESA DIEGO MIGUEL | K13: GAMERRE URZUA CECILIA | L13: NO | M13: LAS CONDES | N13: METROPOLITANA | O13: PALOMARES MAIKEL | P13: 50JIO | Q13: 24HRS | R13: NO | T13: EJE APOQUINDO | U13: NO
C14: 50OMQ | D14: MANQUEHUE | E14: OKM MANQUEHUE SUR | F14: =10.58 -> 10.58 | G14: Abierta | H14: =VLOOKUP(C14,[1]MAESTRA!$I$5:$J$399,2,0) -> cl-manquehuesur@tiendas.oxxo.com | I14: TMCB | J14: BRESCIA RIVERA RODRIGO | K14: BENITEZ QUILODRAN HUGO | L14: NO | M14: LAS CONDES | N14: METROPOLITANA | O14: GOMEZ FLORES JAVIERA | P14: 50OMQ | Q14: 24HRS | R14: NO | T14: LAS CONDES - PROVIDENCIA SUR | U14: NO
C15: 50OMS | D15: MANUEL DE LA LASTRA | E15: OKM MANUEL DE LA LASTRA | F15: 10.13 | G15: Abierta | H15: =VLOOKUP(C15,[1]MAESTRA!$I$5:$J$399,2,0) -> cl-manueldelalastra@tiendas.oxxo.com | I15: TMCB | J15: BRESCIA RIVERA RODRIGO | K15: BENITEZ QUILODRAN HUGO | L15: NO | M15: LA REINA | N15: METROPOLITANA | O15: GOMEZ FLORES JAVIERA | P15: 50OMS | Q15: 24HRS | R15: NO | T15: LAS CONDES - PROVIDENCIA SUR | U15: NO
C16: 506J4 | D16: PORTUGAL | E16: PORTUGAL | F16: 8 | G16: Abierta | H16: =VLOOKUP(C16,[1]MAESTRA!$I$5:$J$399,2,0) -> cl-portugal@tiendas.oxxo.com | I16: TNM | J16: BRESCIA RIVERA RODRIGO | K16: LIAZ MONTERO GABRIEL | L16: NO | M16: SANTIAGO | N16: METROPOLITANA | O16: ROJAS GONZALEZ DIANA | P16: 506J4 | Q16: 24HRS | R16: NO | T16: SANTIAGO CENTRO | U16: SI
C17: 50OEY | D17: ELIODORO YANEZ 2 | E17: ELIODORO YAÑEZ 2 | F17: 8.9 | G17: Abierta | H17: =VLOOKUP(C17,[1]MAESTRA!$I$5:$J$399,2,0) -> cl-eliodoroyanez2@tiendas.oxxo.com | I17: TMCB | J17: BRESCIA RIVERA RODRIGO | K17: LOPEZ MEZA LUIS JOSÉ | L17: NO | M17: PROVIDENCIA | N17: METROPOLITANA | O17: ROJAS GONZALEZ DIANA | P17: 50OEY | Q17: 24HRS | R17: NO | T17: EJE PROVIDENCIA | U17: NO
C18: 50RNT | D18: ROSARIO NORTE | E18: ROSARIO NORTE | F18: 8 | G18: Abierta | H18: =VLOOKUP(C18,[1]MAESTRA!$I$5:$J$399,2,0) -> cl-rosarionorte@tiendas.oxxo.com | I18: TMCB | J18: SESA DIEGO MIGUEL | K18: GAMERRE URZUA CECILIA | L18: NO | M18: LAS CONDES | N18: METROPOLITANA | O18: PALOMARES MAIKEL | P18: 50RNT | Q18: 12HRS | R18: NO | T18: EJE APOQUINDO | U18: NO
C19: 50DKO | D19: METRO FRANKLIN | E19: METRO FRANKLIN | F19: 7 | G19: Abierta | H19: =VLOOKUP(C19,[1]MAESTRA!$I$5:$J$399,2,0) -> cl-metrofranklin@tiendas.oxxo.com | I19: TMCB | J19: BRESCIA RIVERA RODRIGO | K19: RODRIGUEZ ABREU ROSA | L19: NO | M19: SANTIAGO | N19: METROPOLITANA | O19: GOMEZ FLORES JAVIERA | P19: 50DKO | Q19: 12HRS | R19: NO | T19: METRO | U19: NO
C20: 50DSH | D20: METRO NUNOA | E20: METRO ÑUÑOA | F20: 7.45 | G20: Abierta | H20: =VLOOKUP(C20,[1]MAESTRA!$I$5:$J$399,2,0) -> cl-metronunoa@tiendas.oxxo.com | I20: TMCB | J20: BRESCIA RIVERA RODRIGO | K20: RODRIGUEZ ABREU ROSA | L20: NO | M20: ÑUÑOA | N20: METROPOLITANA | O20: GOMEZ FLORES JAVIERA | P20: 50DSH | Q20: 12HRS | R20: NO | T20: METRO | U20: NO
C21: 50GJS | D21: METRO LOS LEONES | E21: METRO LOS LEONES | F21: 6.16 | G21: Abierta | H21: =VLOOKUP(C21,[1]MAESTRA!$I$5:$J$399,2,0) -> cl-metrolosleones@tiendas.oxxo.com | I21: TMCB | J21: BRESCIA RIVERA RODRIGO | K21: RODRIGUEZ ABREU ROSA | L21: NO | M21: PROVIDENCIA | N21: METROPOLITANA | O21: GOMEZ FLORES JAVIERA | P21: 50GJS | Q21: 12HRS | R21: NO | T21: METRO | U21: NO | V21: ONE TIME
C22: 50OPI | D22: PLAZA ITALIA | E22: OKM PLAZA ITALIA | F22: 8.45 | G22: Abierta | H22: =VLOOKUP(C22,[1]MAESTRA!$I$5:$J$399,2,0) -> cl-plazaitalia@tiendas.oxxo.com | I22: TMCB | J22: BRESCIA RIVERA RODRIGO | K22: LOPEZ MEZA LUIS JOSÉ | L22: NO | M22: PROVIDENCIA | N22: METROPOLITANA | O22: ROJAS GONZALEZ DIANA | P22: 50OPI | Q22: 12HRS | R22: NO | T22: EJE PROVIDENCIA | U22: NO
C23: 50KOA | D23: LUIS PASTEUR | E23: LUIS PASTEUR | F23: 7 | G23: Abierta | H23: =VLOOKUP(C23,[1]MAESTRA!$I$5:$J$399,2,0) -> cl-luispasteur@tiendas.oxxo.com | I23: TMCB | J23: BRESCIA RIVERA RODRIGO | K23: MENDOZA GIL BREYNER JOSE | L23: NO | M23: VITACURA | N23: METROPOLITANA | O23: JOSE NAVARRO CAREAGA | P23: 50KOA | Q23: 12HRS | R23: NO | T23: VITACURA - NORTE | U23: NO
C24: 50NRA | D24: APOQUINDO 2 | E24: APOQUINDO 2 | F24: 7 | G24: Abierta | H24: =VLOOKUP(C24,[1]MAESTRA!$I$5:$J$399,2,0) -> cl-apoquindo2@tiendas.oxxo.com | I24: TMCB | J24: SESA DIEGO MIGUEL | K24: GAMERRE URZUA CECILIA | L24: NO | M24: LAS CONDES | N24: METROPOLITANA | O24: PALOMARES MAIKEL | P24: 50NRA | Q24: 12HRS | R24: NO | T24: EJE APOQUINDO | U24: NO
C25: 50OAM | D25: OKM MALL ARAUCO MAIPU | E25: OKM MALL ARAUCO MAIPU K166 CAJAS | F25: =5.45 -> 5.45 | G25: Abierta | H25: =VLOOKUP(C25,[1]MAESTRA!$I$5:$J$399,2,0) -> okm-araucomaipu@tiendas.oxxo.com | I25: TMCB | J25: BRESCIA RIVERA RODRIGO | K25: PINERUA JAIMES JESUS | L25: NO | M25: MAIPÚ | N25: METROPOLITANA | O25: GOMEZ FLORES JAVIERA | P25: 50OAM | Q25: 12HRS | R25: SI | T25: SANTIAGO SURPONIENTE | U25: NO | W25: SE INCREMENTA A PARTIR DE DICIEMBRE UN PT 15 HORAS PM (0,34)
C26: 50OJJ | D26: BADAJOZ | E26: BADAJOZ CLP | F26: 6.68 | G26: Abierta | H26: =VLOOKUP(C26,[1]MAESTRA!$I$5:$J$399,2,0) -> cl-badajoz@tiendas.oxxo.com | I26: TMCB | J26: SESA DIEGO MIGUEL | K26: GAMERRE URZUA CECILIA | L26: NO | M26: LAS CONDES | N26: METROPOLITANA | O26: PALOMARES MAIKEL | P26: 50OJJ | Q26: 12HRS | R26: NO | T26: EJE APOQUINDO | U26: NO
C27: 50VKK | D27: ALCANTARA 1 | E27: ALCANTARA 1 | F27: 7 | G27: Abierta | H27: =VLOOKUP(C27,[1]MAESTRA!$I$5:$J$399,2,0) -> cl-alcantara@tiendas.oxxo.com | I27: TMCB | J27: BRESCIA RIVERA RODRIGO | K27: BENITEZ QUILODRAN HUGO | L27: NO | M27: LAS CONDES | N27: METROPOLITANA | O27: GOMEZ FLORES JAVIERA | P27: 50VKK | Q27: 12HRS | R27: NO | T27: LAS CONDES - PROVIDENCIA SUR | U27: NO
C28: 50OMC | D28: MACUL | E28: OKM MACUL | F28: 8.68 | G28: Abierta | H28: =VLOOKUP(C28,[1]MAESTRA!$I$5:$J$399,2,0) -> cl-macul@tiendas.oxxo.com | I28: TMCB | J28: BRESCIA RIVERA RODRIGO | K28: PINERUA JAIMES JESUS | L28: NO | M28: MACUL | N28: METROPOLITANA | O28: GOMEZ FLORES JAVIERA | P28: 50OMC | Q28: 12HRS | R28: NO | T28: SANTIAGO SURPONIENTE | U28: NO
C29: 50UMT | D29: LYON 3 | E29: LYON 3 | F29: 7 | G29: Abierta | H29: =VLOOKUP(C29,[1]MAESTRA!$I$5:$J$399,2,0) -> cl-lyon3@tiendas.oxxo.com | I29: TMCB | J29: BRESCIA RIVERA RODRIGO | K29: BARRIOS BAPTISTA JUAN JOSE | L29: NO | M29: PROVIDENCIA | N29: METROPOLITANA | O29: JOSE NAVARRO CAREAGA | P29: 50UMT | Q29: 12HRS | R29: NO | T29: PROVIDENCIA | U29: NO
C30: 50EDF | D30: EJERCITO ALAMEDA | E30: EJERCITO ALAMEDA | F30: 7 | G30: Abierta | H30: =VLOOKUP(C30,[1]MAESTRA!$I$5:$J$399,2,0) -> cl-ejercitoalameda@tiendas.oxxo.com | I30: TMCB | J30: BRESCIA RIVERA RODRIGO | K30: LIAZ MONTERO GABRIEL | L30: SI | M30: SANTIAGO | N30: METROPOLITANA | O30: ROJAS GONZALEZ DIANA | P30: 50EDF | Q30: 12HRS | R30: NO | T30: SANTIAGO CENTRO | U30: NO
C31: 50HCL | D31: ALCANTARA 2 | E31: ALCANTARA 2 | F31: 7 | G31: Abierta | H31: =VLOOKUP(C31,[1]MAESTRA!$I$5:$J$399,2,0) -> cl-alcantara2@tiendas.oxxo.com | I31: TMCB | J31: SESA DIEGO MIGUEL | K31: GAMERRE URZUA CECILIA | L31: NO | M31: LAS CONDES | N31: METROPOLITANA | O31: PALOMARES MAIKEL | P31: 50HCL | Q31: 12HRS | R31: NO | T31: EJE APOQUINDO | U31: NO
C32: 50OLS | D32: LUIS CARRERA | E32: LUIS CARRERA | F32: 7 | G32: Abierta | H32: =VLOOKUP(C32,[1]MAESTRA!$I$5:$J$399,2,0) -> cl-luiscarrera@tiendas.oxxo.com | I32: TMCB | J32: BRESCIA RIVERA RODRIGO | K32: MENDOZA GIL BREYNER JOSE | L32: NO | M32: VITACURA | N32: METROPOLITANA | O32: JOSE NAVARRO CAREAGA | P32: 50OLS | Q32: 12HRS | R32: NO | T32: VITACURA - NORTE | U32: NO
C33: 50OTP | D33: TOBALABA 1 | E33: OKM TOBALABA | F33: 7 | G33: Abierta | H33: =VLOOKUP(C33,[1]MAESTRA!$I$5:$J$399,2,0) -> cl-tobalabaprovidencia@tiendas.oxxo.com | I33: TMCB | J33: BRESCIA RIVERA RODRIGO | K33: MONTT FUENTES JAIME IGNACIO | L33: NO | M33: LAS CONDES | N33: METROPOLITANA | O33: JOSE NAVARRO CAREAGA | P33: 50OTP | Q33: 12HRS | R33: SI | T33: LAS CONDES NORTE | U33: NO
C34: 50OAL | D34: ALAMEDA 1 | E34: OKM ALAMEDA | F34: 7 | G34: Abierta | H34: =VLOOKUP(C34,[1]MAESTRA!$I$5:$J$399,2,0) -> cl-alameda1@tiendas.oxxo.com | I34: TMCB | J34: BRESCIA RIVERA RODRIGO | K34: LIAZ MONTERO GABRIEL | L34: NO | M34: SANTIAGO | N34: METROPOLITANA | O34: ROJAS GONZALEZ DIANA | P34: 50OAL | Q34: 12HRS | R34: NO | T34: SANTIAGO CENTRO | U34: NO | V34: ONE TIME
C35: 50UCH | D35: METRO U DE CHILE | E35: METRO U DE CHILE | F35: 6.68 | G35: Transformación | H35: =VLOOKUP(C35,[1]MAESTRA!$I$5:$J$399,2,0) -> cl-metrouniversidaddechile@tiendas.oxxo.com | I35: TMCB | J35: BRESCIA RIVERA RODRIGO | K35: RODRIGUEZ ABREU ROSA | M35: SANTIAGO | N35: METROPOLITANA | O35: GOMEZ FLORES JAVIERA | P35: 50UCH | Q35: 12HRS | R35: NO | T35: METRO | U35: NO
C36: 50ARD | D36: NUNOA | E36: ÑUÑOA | F36: 6 | G36: Abierta | H36: =VLOOKUP(C36,[1]MAESTRA!$I$5:$J$399,2,0) -> cl-nunoa@tiendas.oxxo.com | I36: TMCB | J36: BRESCIA RIVERA RODRIGO | K36: RUIZ FERRER VANNA | L36: NO | M36: ÑUÑOA | N36: METROPOLITANA | O36: ROJAS GONZALEZ DIANA | P36: 50ARD | Q36: 12HRS | R36: NO | T36: EJE IRARRAZAVAL | U36: NO
C37: 50ARE | D37: COLON 1 | E37: COLON 1 | F37: 6 | G37: Abierta | H37: =VLOOKUP(C37,[1]MAESTRA!$I$5:$J$399,2,0) -> cl-colon@tiendas.oxxo.com | I37: TMCB | J37: BRESCIA RIVERA RODRIGO | K37: BENITEZ QUILODRAN HUGO | L37: NO | M37: LAS CONDES | N37: METROPOLITANA | O37: GOMEZ FLORES JAVIERA | P37: 50ARE | Q37: 12HRS | R37: NO | T37: LAS CONDES - PROVIDENCIA SUR | U37: NO
C38: 50CPN | D38: CARLOS PENA | E38: CARLOS PEÑA | F38: 6 | G38: Abierta | H38: =VLOOKUP(C38,[1]MAESTRA!$I$5:$J$399,2,0) -> cl-carlospena@tiendas.oxxo.com | I38: TMCB | J38: BRESCIA RIVERA RODRIGO | K38: ARAYA BURGOS ARIEL | L38: NO | M38: LAS CONDES | N38: METROPOLITANA | O38: ROJAS GONZALEZ DIANA | P38: 50CPN | Q38: 12HRS | R38: NO | T38: SANTIAGO ORIENTE | U38: NO
C39: 50HSP | D39: HOSPITALES | E39: HOSPITALES | F39: 6 | G39: Abierta | H39: =VLOOKUP(C39,[1]MAESTRA!$I$5:$J$399,2,0) -> cl-hospitales@tiendas.oxxo.com | I39: TMCB | J39: BRESCIA RIVERA RODRIGO | K39: PINERUA JAIMES JESUS | L39: NO | M39: INDEPENDENCIA | N39: METROPOLITANA | O39: GOMEZ FLORES JAVIERA | P39: 50HSP | Q39: 12HRS | R39: NO | T39: SANTIAGO SURPONIENTE | U39: NO
C40: 50NMT | D40: EL GOLF | E40: EL GOLF | F40: 5 | G40: Abierta | H40: =VLOOKUP(C40,[1]MAESTRA!$I$5:$J$399,2,0) -> cl-elgolf@tiendas.oxxo.com | I40: TMCB | J40: SESA DIEGO MIGUEL | K40: GAMERRE URZUA CECILIA | L40: NO | M40: LAS CONDES | N40: METROPOLITANA | O40: PALOMARES MAIKEL | P40: 50NMT | Q40: 12HRS | R40: NO | T40: EJE APOQUINDO | U40: NO
C41: 50OCH | D41: CACHAGUA | E41: OKM CACHAGUA | F41: 5 | G41: Abierta | H41: =VLOOKUP(C41,[1]MAESTRA!$I$5:$J$399,2,0) -> cl-cachagua@tiendas.oxxo.com | I41: TMCB | J41: SESA DIEGO MIGUEL | K41: ESCOBAR VALDES VALESKA SOLEDAD | L41: SI | M41: ZAPALLAR | N41: VALPARAISO | O41: PALOMARES MAIKEL | P41: 50OCH | Q41: 12HRS | R41: NO | T41: REGIONES - COSTA NORTE | U41: NO
C42: 50OEM | D42: OKM CIUDAD EMPRESARIAL | E42: OKM CIUDAD EMPRESARIAL | F42: - | G42: CIERRE DEFINITIVO | H42: =VLOOKUP(C42,[1]MAESTRA!$I$5:$J$399,2,0) -> okm-ciudadempresarial@tiendas.oxxo.com | I42: TMCB OKM | J42: BRESCIA RIVERA RODRIGO | K42: 0 | M42: HUECHURABA | N42: METROPOLITANA | O42: 0 | P42: 50OEM | Q42: 12HRS | R42: NO | T42: 0 | U42: -
C43: 50OIR | D43: OKM IRARRAZAVAL | E43: OKM IRARRAZAVAL K070 CAJAS | F43: 6 | G43: CIERRE DEFINITIVO | H43: =VLOOKUP(C43,[1]MAESTRA!$I$5:$J$399,2,0) -> okm-irarrazaval@tiendas.oxxo.com | I43: TMCB | J43: BRESCIA RIVERA RODRIGO | K43: RUIZ FERRER VANNA | M43: ÑUÑOA | N43: METROPOLITANA | O43: ROJAS GONZALEZ DIANA | P43: 50OIR | Q43: 12HRS | R43: NO | T43: EJE IRARRAZAVAL | U43: -
C44: 50OPD | D44: PROVIDENCIA - CONDELL | E44: OKM PROVIDENCIA | F44: 5 | G44: Abierta | H44: =VLOOKUP(C44,[1]MAESTRA!$I$5:$J$399,2,0) -> cl-providenciacondell@tiendas.oxxo.com | I44: TMCB | J44: BRESCIA RIVERA RODRIGO | K44: LOPEZ MEZA LUIS JOSÉ | L44: NO | M44: PROVIDENCIA | N44: METROPOLITANA | O44: ROJAS GONZALEZ DIANA | P44: 50OPD | Q44: 12HRS | R44: NO | T44: EJE PROVIDENCIA | U44: NO
C45: 50OQU | D45: OKM QUINTA | E45: OKM QUINTA K034 CAJAS | F45: 6 | G45: Abierta | H45: =VLOOKUP(C45,[1]MAESTRA!$I$5:$J$399,2,0) -> cl-quinta@tiendas.oxxo.com | I45: TMCB | J45: SESA DIEGO MIGUEL | K45: ESCOBAR VALDES VALESKA SOLEDAD | L45: SI | M45: VIÑA DEL MAR | N45: VALPARAISO | O45: PALOMARES MAIKEL | P45: 50OQU | Q45: 12HRS | R45: SI | T45: REGIONES - COSTA SUR | U45: NO
C46: 50OZA | D46: ZAPALLAR | E46: OKM ZAPALLAR | F46: 5 | G46: Abierta | H46: =VLOOKUP(C46,[1]MAESTRA!$I$5:$J$399,2,0) -> #N/A | I46: TMCB | J46: SESA DIEGO MIGUEL | K46: ESCOBAR VALDES VALESKA SOLEDAD | L46: SI | M46: ZAPALLAR | N46: VALPARAISO | O46: PALOMARES MAIKEL | P46: 50OZA | Q46: 12HRS | R46: SI | T46: REGIONES - COSTA NORTE | U46: NO
C47: 50SLM | D47: APOQUINDO 4 | E47: APOQUINDO 4 | F47: 6 | G47: Abierta | H47: =VLOOKUP(C47,[1]MAESTRA!$I$5:$J$399,2,0) -> cl-apoquindo4@tiendas.oxxo.com | I47: TMCB | J47: SESA DIEGO MIGUEL | K47: GAMERRE URZUA CECILIA | L47: NO | M47: LAS CONDES | N47: METROPOLITANA | O47: PALOMARES MAIKEL | P47: 50SLM | Q47: 12HRS | R47: NO | T47: EJE APOQUINDO | U47: NO
C48: 50VLX | D48: APOQUINDO 1 | E48: APOQUINDO 1 | F48: 6 | G48: Abierta | H48: =VLOOKUP(C48,[1]MAESTRA!$I$5:$J$399,2,0) -> cl-apoquindo1@tiendas.oxxo.com | I48: TMCB | J48: SESA DIEGO MIGUEL | K48: GAMERRE URZUA CECILIA | L48: NO | M48: LAS CONDES | N48: METROPOLITANA | O48: PALOMARES MAIKEL | P48: 50VLX | Q48: 12HRS | R48: NO | T48: EJE APOQUINDO | U48: NO
C49: 50VOP | D49: SAN DAMIAN | E49: SAN DAMIAN | F49: 8.34 | G49: Abierta | H49: =VLOOKUP(C49,[1]MAESTRA!$I$5:$J$399,2,0) -> cl-sandamian@tiendas.oxxo.com | I49: TMCB | J49: BRESCIA RIVERA RODRIGO | K49: ARAYA BURGOS ARIEL | L49: NO | M49: LAS CONDES | N49: METROPOLITANA | O49: ROJAS GONZALEZ DIANA | P49: 50VOP | Q49: 12HRS | R49: NO | T49: SANTIAGO ORIENTE | U49: NO
C50: 5033F | D50: VITACURA RIESCO | E50: VITACURARIESCO | F50: 5.56 | G50: Abierta | H50: =VLOOKUP(C50,[1]MAESTRA!$I$5:$J$399,2,0) -> cl-vitacurariesco@tiendas.oxxo.com | I50: TMCB | J50: BRESCIA RIVERA RODRIGO | K50: MENDOZA GIL BREYNER JOSE | L50: NO | M50: LAS CONDES | N50: METROPOLITANA | O50: JOSE NAVARRO CAREAGA | P50: 5033F | Q50: 12HRS | R50: NO | T50: VITACURA - NORTE | U50: NO
C51: 50BJT | D51: HUECHURABA | E51: HUECHURABA | F51: =6.45+0.56 -> 7.01 | G51: Abierta | H51: =VLOOKUP(C51,[1]MAESTRA!$I$5:$J$399,2,0) -> cl-huechuraba@tiendas.oxxo.com | I51: TMCB | J51: BRESCIA RIVERA RODRIGO | K51: MENDOZA GIL BREYNER JOSE | L51: NO | M51: HUECHURABA | N51: METROPOLITANA | O51: JOSE NAVARRO CAREAGA | P51: 50BJT | Q51: 12HRS | R51: NO | T51: VITACURA - NORTE | U51: NO
C52: 50BPT | D52: ECUADOR PURISIMA | E52: ECUADOR PURISIMA | F52: - | G52: CIERRE DEFINITIVO | H52: =VLOOKUP(C52,[1]MAESTRA!$I$5:$J$399,2,0) -> cl-ecuadorpurisima@tiendas.oxxo.com | I52: TMCB | J52: BRESCIA RIVERA RODRIGO | K52: 0 | M52: ESTACIÓN CENTRAL | N52: METROPOLITANA | O52: 0 | P52: 50BPT | Q52: 12HRS | R52: NO | T52: 0 | U52: -
C53: 50BRI | D53: LAS BRISAS | E53: LAS BRISAS | F53: 10 | G53: Abierta | H53: =VLOOKUP(C53,[1]MAESTRA!$I$5:$J$399,2,0) -> cl-lasbrisas@tiendas.oxxo.com | I53: TMCB | J53: BRESCIA RIVERA RODRIGO | K53: MENDOZA GIL BREYNER JOSE | L53: NO | M53: COLINA | N53: METROPOLITANA | O53: JOSE NAVARRO CAREAGA | P53: 50BRI | Q53: 24HRS | R53: NO | T53: VITACURA - NORTE | U53: NO
C54: 50CLC | D54: CLINICA LAS CONDES | E54: CLINICA LAS CONDES | F54: 6 | G54: Abierta | H54: =VLOOKUP(C54,[1]MAESTRA!$I$5:$J$399,2,0) -> cl-clinicalascondes@tiendas.oxxo.com | I54: TMCB | J54: BRESCIA RIVERA RODRIGO | K54: ARAYA BURGOS ARIEL | L54: NO | M54: LAS CONDES | N54: METROPOLITANA | O54: ROJAS GONZALEZ DIANA | P54: 50CLC | Q54: 12HRS | R54: NO | T54: SANTIAGO ORIENTE | U54: NO
C55: 50CQD | D55: MARCHANT PEREIRA | E55: MARCHANT PEREIRA | F55: 6 | G55: Abierta | H55: =VLOOKUP(C55,[1]MAESTRA!$I$5:$J$399,2,0) -> cl-marchantpereira@tiendas.oxxo.com | I55: TMCB | J55: BRESCIA RIVERA RODRIGO | K55: LOPEZ MEZA LUIS JOSÉ | L55: NO | M55: PROVIDENCIA | N55: METROPOLITANA | O55: 0 | P55: 50CQD | Q55: 12HRS | R55: NO | T55: EJE PROVIDENCIA | U55: NO
C56: 50HEN | D56: HENDAYA | E56: HENDAYA | F56: 5 | G56: Abierta | H56: =VLOOKUP(C56,[1]MAESTRA!$I$5:$J$399,2,0) -> cl-hendaya@tiendas.oxxo.com | I56: TMCB | J56: BRESCIA RIVERA RODRIGO | K56: MONTT FUENTES JAIME IGNACIO | L56: NO | M56: LAS CONDES | N56: METROPOLITANA | O56: JOSE NAVARRO CAREAGA | P56: 50HEN | Q56: 12HRS | R56: NO | T56: LAS CONDES NORTE | U56: NO
C57: 50HIS | D57: PLAZA SOTOMAYOR VALPARAISO | E57: PLAZA SOTOMAYOR VALPARAISO | F57: 9 | G57: Abierta | H57: =VLOOKUP(C57,[1]MAESTRA!$I$5:$J$399,2,0) -> cl-sotomayor@tiendas.oxxo.com | I57: TMCB | J57: SESA DIEGO MIGUEL | K57: ESCOBAR VALDES VALESKA SOLEDAD | L57: SI | M57: VALPARAÍSO | N57: VALPARAISO | O57: PALOMARES MAIKEL | P57: 50HIS | Q57: 24HRS | R57: NO | T57: REGIONES - COSTA SUR | U57: NO
C58: 50NBN | D58: BILBAO MONTT | E58: BILBAO - MONTT | F58: 5 | G58: Abierta | H58: =VLOOKUP(C58,[1]MAESTRA!$I$5:$J$399,2,0) -> cl-bilbaomontt@tiendas.oxxo.com | I58: TMCB | J58: BRESCIA RIVERA RODRIGO | K58: BARRIOS BAPTISTA JUAN JOSE | L58: NO | M58: PROVIDENCIA | N58: METROPOLITANA | O58: JOSE NAVARRO CAREAGA | P58: 50NBN | Q58: 12HRS | R58: NO | T58: PROVIDENCIA | U58: NO
C59: 50OCT | D59: NORUEGA | E59: NORUEGA | F59: 6 | G59: Abierta | H59: =VLOOKUP(C59,[1]MAESTRA!$I$5:$J$399,2,0) -> cl-noruega@tiendas.oxxo.com | I59: TMCB | J59: BRESCIA RIVERA RODRIGO | K59: BENITEZ QUILODRAN HUGO | L59: NO | M59: LAS CONDES | N59: METROPOLITANA | O59: GOMEZ FLORES JAVIERA | P59: 50OCT | Q59: 12HRS | R59: NO | T59: LAS CONDES - PROVIDENCIA SUR | U59: NO
C60: 50OPH | D60: GUARDIA VIEJA | E60: GUARDIA VIEJA | F60: 5 | G60: Abierta | H60: =VLOOKUP(C60,[1]MAESTRA!$I$5:$J$399,2,0) -> cl-guardiavieja@tiendas.oxxo.com | I60: TMCB | J60: BRESCIA RIVERA RODRIGO | K60: LOPEZ MEZA LUIS JOSÉ | L60: NO | M60: PROVIDENCIA | N60: METROPOLITANA | O60: ROJAS GONZALEZ DIANA | P60: 50OPH | Q60: 12HRS | R60: NO | T60: EJE PROVIDENCIA | U60: NO
C61: 50XUH | D61: MATTE PEREZ | E61: MATTE PEREZ CLP | F61: 6 | G61: Abierta | H61: =VLOOKUP(C61,[1]MAESTRA!$I$5:$J$399,2,0) -> cl-matteperez@tiendas.oxxo.com | I61: TMCB | J61: BRESCIA RIVERA RODRIGO | K61: BARRIOS BAPTISTA JUAN JOSE | L61: NO | M61: PROVIDENCIA | N61: METROPOLITANA | O61: JOSE NAVARRO CAREAGA | P61: 50XUH | Q61: 12HRS | R61: NO | T61: PROVIDENCIA | U61: NO
C62: 508R8 | D62: METRO TOBALABA | E62: METRO TOBALABA | F62: 6.16 | G62: Abierta | H62: =VLOOKUP(C62,[1]MAESTRA!$I$5:$J$399,2,0) -> cl-metrotobalaba@tiendas.oxxo.com | I62: TNM | J62: BRESCIA RIVERA RODRIGO | K62: RODRIGUEZ ABREU ROSA | L62: NO | M62: PROVIDENCIA | N62: METROPOLITANA | O62: GOMEZ FLORES JAVIERA | P62: 508R8 | Q62: 12HRS | R62: NO | T62: METRO | U62: NO | V62: ONE TIME
C63: 50EFO | D63: ENRIQUE FOSTER | E63: ENRIQUE FOSTER | F63: 5 | G63: Abierta | H63: =VLOOKUP(C63,[1]MAESTRA!$I$5:$J$399,2,0) -> cl-enriquefoster@tiendas.oxxo.com | I63: TMCB | J63: SESA DIEGO MIGUEL | K63: GAMERRE URZUA CECILIA | L63: NO | M63: LAS CONDES | N63: METROPOLITANA | O63: PALOMARES MAIKEL | P63: 50EFO | Q63: 12HRS | R63: NO | T63: EJE APOQUINDO | U63: NO
C64: 50MPC | D64: METRO CAL Y CANTO | E64: METRO CAL Y CANTO | F64: 6 | G64: Abierta | H64: =VLOOKUP(C64,[1]MAESTRA!$I$5:$J$399,2,0) -> cl-metrocalycanto@tiendas.oxxo.com | I64: TMCB | J64: BRESCIA RIVERA RODRIGO | K64: RODRIGUEZ ABREU ROSA | L64: NO | M64: SANTIAGO | N64: METROPOLITANA | O64: GOMEZ FLORES JAVIERA | P64: 50MPC | Q64: 12HRS | R64: NO | T64: METRO | U64: NO
C65: 50ONL | D65: NUEVA LAS CONDES 2 | E65: OKM NUEVA LAS CONDES 2 | F65: 6 | G65: Abierta | H65: =VLOOKUP(C65,[1]MAESTRA!$I$5:$J$399,2,0) -> cl-nuevalascondes2@tiendas.oxxo.com | I65: TMCB | J65: BRESCIA RIVERA RODRIGO | K65: MONTT FUENTES JAIME IGNACIO | L65: NO | M65: LAS CONDES | N65: METROPOLITANA | O65: JOSE NAVARRO CAREAGA | P65: 50ONL | Q65: 12HRS | R65: NO | T65: LAS CONDES NORTE | U65: NO
C66: 50ORN | D66: ROSARIO NORTE 2 | E66: OXXO ROSARIO NORTE 2 (Ex OKM) | F66: 6 | G66: Abierta | H66: =VLOOKUP(C66,[1]MAESTRA!$I$5:$J$399,2,0) -> cl-rosarionorte2@tiendas.oxxo.com | I66: TMCB | J66: BRESCIA RIVERA RODRIGO | K66: MONTT FUENTES JAIME IGNACIO | L66: NO | M66: LAS CONDES | N66: METROPOLITANA | O66: JOSE NAVARRO CAREAGA | P66: 50ORN | Q66: 12HRS | R66: NO | T66: LAS CONDES NORTE | U66: NO
C67: 50Q3X | D67: PATIO BELLAVISTA | E67: PATIO BELLAVISTA | F67: 5 | G67: Abierta | H67: =VLOOKUP(C67,[1]MAESTRA!$I$5:$J$399,2,0) -> cl-patiobellavista@tiendas.oxxo.com | I67: TMCB | J67: BRESCIA RIVERA RODRIGO | K67: LOPEZ MEZA LUIS JOSÉ | L67: NO | M67: PROVIDENCIA | N67: METROPOLITANA | O67: ROJAS GONZALEZ DIANA | P67: 50Q3X | Q67: 12HRS | R67: NO | T67: EJE PROVIDENCIA | U67: NO
C68: 50UXA | D68: LA PLAZA | E68: LA PLAZA | F68: 5 | G68: Abierta | H68: =VLOOKUP(C68,[1]MAESTRA!$I$5:$J$399,2,0) -> cl-laplaza@tiendas.oxxo.com | I68: TMCB | J68: BRESCIA RIVERA RODRIGO | K68: ARAYA BURGOS ARIEL | L68: NO | M68: LAS CONDES | N68: METROPOLITANA | O68: ROJAS GONZALEZ DIANA | P68: 50UXA | Q68: 12HRS | R68: NO | T68: SANTIAGO ORIENTE | U68: NO
C69: 50OBN | D69: BROWN NORTE | E69: OKM BROWN NORTE | F69: 5 | G69: Abierta | H69: =VLOOKUP(C69,[1]MAESTRA!$I$5:$J$399,2,0) -> cl-brownnorte@tiendas.oxxo.com | I69: TMCB | J69: BRESCIA RIVERA RODRIGO | K69: RUIZ FERRER VANNA | L69: NO | M69: ÑUÑOA | N69: METROPOLITANA | O69: ROJAS GONZALEZ DIANA | P69: 50OBN | Q69: 12HRS | R69: NO | T69: EJE IRARRAZAVAL | U69: NO
C70: 50OCA | D70: OKM CHACABUCO | E70: OKM CHACABUCO | F70: 5.04 | G70: Abierta | H70: =VLOOKUP(C70,[1]MAESTRA!$I$5:$J$399,2,0) -> cl-chacabuco@tiendas.oxxo.com | I70: TMCB | J70: SESA DIEGO MIGUEL | K70: ZAMBRANO JARA CAROLINA GRACIELA | M70: CONCEPCIÓN | N70: BIOBIO | O70: PALOMARES MAIKEL | P70: 50OCA | Q70: 12HRS | R70: SI | T70: REGIONES SUR | U70: NO
C71: 50OCO | D71: OKM CHICUREO | E71: OKM CHICUREO | F71: =5.04+0.56 -> 5.6 | G71: Abierta | H71: =VLOOKUP(C71,[1]MAESTRA!$I$5:$J$399,2,0) -> cl-chicureo@tiendas.oxxo.com | I71: TMCB | J71: BRESCIA RIVERA RODRIGO | K71: MENDOZA GIL BREYNER JOSE | L71: NO | M71: COLINA | N71: METROPOLITANA | O71: JOSE NAVARRO CAREAGA | P71: 50OCO | Q71: 12HRS | R71: NO | T71: VITACURA - NORTE | U71: NO | V71: ONE TIME
C72: 50OCR | D72: CHESTERTON 2 | E72: OKM CHESTERTON | F72: =5.9+0.68 -> 6.58 | G72: Abierta | H72: =VLOOKUP(C72,[1]MAESTRA!$I$5:$J$399,2,0) -> cl-chesterton2@tiendas.oxxo.com | I72: TMCB | J72: BRESCIA RIVERA RODRIGO | K72: BENITEZ QUILODRAN HUGO | L72: NO | M72: LAS CONDES | N72: METROPOLITANA | O72: GOMEZ FLORES JAVIERA | P72: 50OCR | Q72: 12HRS | R72: SI | T72: LAS CONDES - PROVIDENCIA SUR | U72: NO
C73: 50ODA | D73: OKM DIEGO DE ALMAGRO | E73: OKM DIEGO DE ALMAGRO | F73: - | G73: CIERRE DEFINITIVO | H73: =VLOOKUP(C73,[1]MAESTRA!$I$5:$J$399,2,0) -> okm-diegodealmagro@tiendas.oxxo.com | I73: TMCB OKM | J73: BRESCIA RIVERA RODRIGO | K73: RODRIGUEZ ABREU ROSA | M73: PROVIDENCIA | N73: METROPOLITANA | O73: 0 | P73: 50ODA | Q73: 12HRS | R73: NO | T73: 0 | U73: -
C74: 50ODP | D74: OKM DIEGO PORTALES | E74: OKM DIEGO PORTALES | F74: - | G74: CIERRE TEMPORAL | H74: =VLOOKUP(C74,[1]MAESTRA!$I$5:$J$399,2,0) -> okm-diegoportales@tiendas.oxxo.com | I74: TMCB OKM | J74: BRESCIA RIVERA RODRIGO | K74: 0 | M74: VIÑA DEL MAR | N74: VALPARAISO | O74: 0 | P74: 50ODP | Q74: 12HRS | R74: NO | T74: 0 | U74: -
C75: 50OEP | D75: OKM ELIECER PARADA | E75: OKM ELIECER PARADA | F75: 6.28 | G75: Abierta | H75: =VLOOKUP(C75,[1]MAESTRA!$I$5:$J$399,2,0) -> cl-eliecerparadatob@tiendas.oxxo.com | I75: TMCB | J75: BRESCIA RIVERA RODRIGO | K75: BENITEZ QUILODRAN HUGO | L75: NO | M75: ÑUÑOA | N75: METROPOLITANA | O75: GOMEZ FLORES JAVIERA | P75: 50OEP | Q75: 12HRS | R75: SI | T75: LAS CONDES - PROVIDENCIA SUR | U75: NO | V75: ONE TIME
C76: 50OER | D76: OKM EL RODEO | E76: OKM EL RODEO K022 CAJAS | F76: 6.45 | G76: Abierta | H76: =VLOOKUP(C76,[1]MAESTRA!$I$5:$J$399,2,0) -> cl-elrodeo@tiendas.oxxo.com | I76: TMCB | J76: BRESCIA RIVERA RODRIGO | K76: ARAYA BURGOS ARIEL | L76: NO | M76: LO BARNECHEA | N76: METROPOLITANA | O76: ROJAS GONZALEZ DIANA | P76: 50OER | Q76: 12HRS | R76: SI | T76: SANTIAGO ORIENTE | U76: NO
C77: 50OHM | D77: OKM HERNANDO DE MAGALLANES | E77: OKM HERNANDO DE MAGALLANES K131 CAJAS | F77: 5.45 | G77: Abierta | H77: =VLOOKUP(C77,[1]MAESTRA!$I$5:$J$399,2,0) -> cl-hernandodemagallanes@tiendas.oxxo.com | I77: TMCB | J77: BRESCIA RIVERA RODRIGO | K77: BENITEZ QUILODRAN HUGO | L77: NO | M77: LAS CONDES | N77: METROPOLITANA | O77: GOMEZ FLORES JAVIERA | P77: 50OHM | Q77: 12HRS | R77: SI | T77: LAS CONDES - PROVIDENCIA SUR | U77: NO
C78: 50OIN | D78: LOS INGLESES | E78: OKM LOS INGLESES | F78: 5.9 | G78: Abierta | H78: =VLOOKUP(C78,[1]MAESTRA!$I$5:$J$399,2,0) -> cl-losingleses@tiendas.oxxo.com | I78: TMCB | J78: BRESCIA RIVERA RODRIGO | K78: MENDOZA GIL BREYNER JOSE | L78: NO | M78: COLINA | N78: METROPOLITANA | O78: JOSE NAVARRO CAREAGA | P78: 50OIN | Q78: 12HRS | R78: SI | T78: VITACURA - NORTE | U78: NO | W78: A PARTIR DE DICIEMBRE SE AJUSTA A 6,45
C79: 50OKA | D79: OKM ACACIOS | E79: OKM ACACIOS | F79: 5.04 | G79: Abierta | H79: =VLOOKUP(C79,[1]MAESTRA!$I$5:$J$399,2,0) -> cl-acacios@tiendas.oxxo.com | I79: TMCB | J79: SESA DIEGO MIGUEL | K79: ZAMBRANO JARA CAROLINA GRACIELA | L79: NO | M79: SAN PEDRO DE LA PAZ | N79: BIOBIO | O79: PALOMARES MAIKEL | P79: 50OKA | Q79: 12HRS | R79: SI | T79: REGIONES SUR | U79: NO | V79: ONE TIME
C80: 50OLT | D80: OKM SUECIA | E80: OKM SUECIA K049 CAJAS | F80: 5.6 | G80: Abierta | H80: =VLOOKUP(C80,[1]MAESTRA!$I$5:$J$399,2,0) -> cl-suecia-lota@tiendas.oxxo.com | I80: TMCB | J80: BRESCIA RIVERA RODRIGO | K80: BARRIOS BAPTISTA JUAN JOSE | L80: NO | M80: PROVIDENCIA | N80: METROPOLITANA | O80: JOSE NAVARRO CAREAGA | P80: 50OLT | Q80: 12HRS | R80: NO | T80: PROVIDENCIA | U80: NO | V80: ONE TIME
C81: 50OMN | D81: OKM MORANDE | E81: OKM MORANDE | F81: - | G81: CIERRE DEFINITIVO | H81: =VLOOKUP(C81,[1]MAESTRA!$I$5:$J$399,2,0) -> okm-morande@tiendas.oxxo.com | I81: TMCB OKM | J81: BRESCIA RIVERA RODRIGO | K81: LOPEZ CALDERON LUIS GERARDO | M81: SANTIAGO | N81: METROPOLITANA | O81: 0 | P81: 50OMN | Q81: 12HRS | R81: NO | T81: 0 | U81: -
C82: 50OMZ | D82: MARTIN DE ZAMORA 2 | E82: OKM MARTIN DE ZAMORA | F82: 5.45 | G82: Abierta | H82: =VLOOKUP(C82,[1]MAESTRA!$I$5:$J$399,2,0) -> cl-martindezamora@tiendas.oxxo.com | I82: TMCB | J82: BRESCIA RIVERA RODRIGO | K82: BENITEZ QUILODRAN HUGO | L82: NO | M82: LAS CONDES | N82: METROPOLITANA | O82: GOMEZ FLORES JAVIERA | P82: 50OMZ | Q82: 12HRS | R82: NO | T82: LAS CONDES - PROVIDENCIA SUR | U82: NO
C83: 50OPM | D83: OKM METRO PLAZA MAIPU | E83: OKM METRO PLAZA MAIPÚ | F83: 6 | G83: Abierta | H83: =VLOOKUP(C83,[1]MAESTRA!$I$5:$J$399,2,0) -> okm-metroplazamaipu@tiendas.oxxo.com | I83: TMCB | J83: BRESCIA RIVERA RODRIGO | K83: RODRIGUEZ ABREU ROSA | L83: NO | M83: MAIPÚ | N83: METROPOLITANA | O83: GOMEZ FLORES JAVIERA | P83: 50OPM | Q83: 12HRS | R83: NO | T83: METRO | U83: NO
C84: 50OQH | D84: OKM QUINCHAMALI | E84: OKM QUINCHAMALI K021 CAJAS | F84: 6.9 | G84: Abierta | H84: =VLOOKUP(C84,[1]MAESTRA!$I$5:$J$399,2,0) -> cl-quinchamali@tiendas.oxxo.com | I84: TMCB | J84: BRESCIA RIVERA RODRIGO | K84: ARAYA BURGOS ARIEL | L84: NO | M84: LAS CONDES | N84: METROPOLITANA | O84: ROJAS GONZALEZ DIANA | P84: 50OQH | Q84: 12HRS | R84: NO | T84: SANTIAGO ORIENTE | U84: NO
C85: 50ORC | D85: OKM RECREO I | E85: OKM RECREO 1 | F85: 6.9 | G85: Abierta | H85: =VLOOKUP(C85,[1]MAESTRA!$I$5:$J$399,2,0) -> cl-recreo@tiendas.oxxo.com | I85: TMCB | J85: SESA DIEGO MIGUEL | K85: ESCOBAR VALDES VALESKA SOLEDAD | L85: SI | M85: VIÑA DEL MAR | N85: VALPARAISO | O85: PALOMARES MAIKEL | P85: 50ORC | Q85: 12HRS | R85: NO | T85: REGIONES - COSTA SUR | U85: NO
C86: 50ORI | D86: RIESCO 2 | E86: OKM RIESCO | F86: 5.9 | G86: Transformación | H86: =VLOOKUP(C86,[1]MAESTRA!$I$5:$J$399,2,0) -> cl-riesco2@tiendas.oxxo.com | I86: TMCB | J86: BRESCIA RIVERA RODRIGO | K86: MONTT FUENTES JAIME IGNACIO | M86: LAS CONDES | N86: METROPOLITANA | O86: JOSE NAVARRO CAREAGA | P86: 50ORI | Q86: 12HRS | R86: SI | T86: LAS CONDES NORTE | U86: NO
C87: 50ORM | D87: RENACA 2 | E87: OKM REÑACA 2 | F87: 8 | G87: Abierta | H87: =VLOOKUP(C87,[1]MAESTRA!$I$5:$J$399,2,0) -> cl-renaca@tiendas.oxxo.com | I87: TMCB | J87: SESA DIEGO MIGUEL | K87: ESCOBAR VALDES VALESKA SOLEDAD | L87: SI | M87: VIÑA DEL MAR | N87: VALPARAISO | O87: PALOMARES MAIKEL | P87: 50ORM | Q87: 24HRS | R87: SI | T87: REGIONES - COSTA NORTE | U87: NO
C88: 50OSB | D88: SIMON BOLIVAR 2 | E88: OKM SIMÓN BOLIVAR | F88: - | G88: CIERRE DEFINITIVO | H88: =VLOOKUP(C88,[1]MAESTRA!$I$5:$J$399,2,0) -> cl-simonbolivar2@tiendas.oxxo.com | I88: TMCB OKM | J88: BRESCIA RIVERA RODRIGO | K88: GAMERRE URZUA CECILIA | M88: ÑUÑOA | N88: METROPOLITANA | O88: 0 | P88: 50OSB | Q88: 12HRS | R88: NO | T88: 0 | U88: -
C89: 50OSC | D89: OKM SANTA BLANCA | E89: OKM SANTA BLANCA K004 CAJAS | F89: 7.9 | G89: Abierta | H89: =VLOOKUP(C89,[1]MAESTRA!$I$5:$J$399,2,0) -> cl-santablanca@tiendas.oxxo.com | I89: TMCB | J89: BRESCIA RIVERA RODRIGO | K89: ARAYA BURGOS ARIEL | L89: NO | M89: LO BARNECHEA | N89: METROPOLITANA | O89: ROJAS GONZALEZ DIANA | P89: 50OSC | Q89: 24HRS | R89: SI | T89: SANTIAGO ORIENTE | U89: NO
C90: 50OST | D90: OKM SUBCENTRO | E90: OKM SUBCENTRO | F90: 5.45 | G90: Abierta | H90: =VLOOKUP(C90,[1]MAESTRA!$I$5:$J$399,2,0) -> okm-subcentro@tiendas.oxxo.com | I90: TMCB | J90: BRESCIA RIVERA RODRIGO | K90: RODRIGUEZ ABREU ROSA | L90: NO | M90: LAS CONDES | N90: METROPOLITANA | O90: GOMEZ FLORES JAVIERA | P90: 50OST | Q90: 12HRS | R90: SI | T90: METRO | U90: NO
C91: 50OTA | D91: TERMINAL ALAMEDA | E91: TERMINAL DE BUSES ALAMEDA | F91: 5 | G91: Abierta | H91: =VLOOKUP(C91,[1]MAESTRA!$I$5:$J$399,2,0) -> cl-terminalalameda@tiendas.oxxo.com | I91: TMCB | J91: BRESCIA RIVERA RODRIGO | K91: PINERUA JAIMES JESUS | L91: NO | M91: ESTACIÓN CENTRAL | N91: METROPOLITANA | O91: GOMEZ FLORES JAVIERA | P91: 50OTA | Q91: 12HRS | R91: NO | T91: SANTIAGO SURPONIENTE | U91: NO
C92: 50OTO | D92: OKM TOESCA | E92: OKM TOESCA | F92: - | G92: CIERRE DEFINITIVO | H92: =VLOOKUP(C92,[1]MAESTRA!$I$5:$J$399,2,0) -> okm-toesca@tiendas.oxxo.com | I92: TMCB OKM | J92: BRESCIA RIVERA RODRIGO | K92: RIQUELME ESTAY ROBERTO | M92: SANTIAGO | N92: METROPOLITANA | O92: 0 | P92: 50OTO | Q92: 12HRS | R92: NO | T92: 0 | U92: -
C93: 50OVL | D93: OKM VILLUCO | E93: OKM VILLUCO | F93: 6 | G93: Abierta | H93: =VLOOKUP(C93,[1]MAESTRA!$I$5:$J$399,2,0) -> cl-villuco@tiendas.oxxo.com | I93: TMCB | J93: SESA DIEGO MIGUEL | K93: ZAMBRANO JARA CAROLINA GRACIELA | M93: CHIGUAYANTE | N93: BIOBIO | O93: PALOMARES MAIKEL | P93: 50OVL | Q93: 12HRS | R93: SI | T93: REGIONES SUR | U93: NO | W93: Se elimina el PT 20 horas, es una tienda que va a contener a los cajeros que no aceptaron estructura óptima
C94: 50BM6 | D94: JOSEFINA EDWARD | E94: JOSEFINA EDWARDS CLP | F94: 5 | G94: Abierta | H94: =VLOOKUP(C94,[1]MAESTRA!$I$5:$J$399,2,0) -> cl-josefinaedwards@tiendas.oxxo.com | I94: TMCB | J94: BRESCIA RIVERA RODRIGO | K94: LOPEZ MEZA LUIS JOSÉ | L94: NO | M94: PROVIDENCIA | N94: METROPOLITANA | O94: ROJAS GONZALEZ DIANA | P94: 50BM6 | Q94: 12HRS | R94: NO | T94: EJE PROVIDENCIA | U94: NO
C95: 50ORP | D95: REPUBLICA | E95: OKM REPÚBLICA | F95: 7 | G95: Abierta | H95: =VLOOKUP(C95,[1]MAESTRA!$I$5:$J$399,2,0) -> cl-republica@tiendas.oxxo.com | I95: TMCB | J95: BRESCIA RIVERA RODRIGO | K95: LIAZ MONTERO GABRIEL | L95: SI | M95: SANTIAGO | N95: METROPOLITANA | O95: ROJAS GONZALEZ DIANA | P95: 50ORP | Q95: 12HRS | R95: SI | T95: SANTIAGO CENTRO | U95: NO
C96: 50ASM | D96: APOQUINDO SANTA MAGDALENA | E96: APOQUINDO SANTA MAGDALENA | F96: 5.45 | G96: Abierta | H96: =VLOOKUP(C96,[1]MAESTRA!$I$5:$J$399,2,0) -> cl-santamagdalena@tiendas.oxxo.com | I96: TMCB | J96: SESA DIEGO MIGUEL | K96: GAMERRE URZUA CECILIA | L96: NO | M96: LAS CONDES | N96: METROPOLITANA | O96: PALOMARES MAIKEL | P96: 50ASM | Q96: 12HRS | R96: NO | T96: EJE APOQUINDO | U96: NO
C97: 50CRX | D97: APOQUINDO 6 | E97: APOQUINDO 6 | F97: 5.45 | G97: Abierta | H97: =VLOOKUP(C97,[1]MAESTRA!$I$5:$J$399,2,0) -> cl-apoquindo6@tiendas.oxxo.com | I97: TMCB | J97: SESA DIEGO MIGUEL | K97: GAMERRE URZUA CECILIA | L97: NO | M97: LAS CONDES | N97: METROPOLITANA | O97: PALOMARES MAIKEL | P97: 50CRX | Q97: 12HRS | R97: NO | T97: EJE APOQUINDO | U97: NO
C98: 50DGG | D98: HERNANDO DE AGUIRRE | E98: HERNANDO DE AGUIRRE | F98: 6 | G98: Abierta | H98: =VLOOKUP(C98,[1]MAESTRA!$I$5:$J$399,2,0) -> cl-hernandodeaguirre@tiendas.oxxo.com | I98: TMCB | J98: BRESCIA RIVERA RODRIGO | K98: BARRIOS BAPTISTA JUAN JOSE | L98: NO | M98: PROVIDENCIA | N98: METROPOLITANA | O98: JOSE NAVARRO CAREAGA | P98: 50DGG | Q98: 12HRS | R98: NO | T98: PROVIDENCIA | U98: NO
